date,price,atr14,sma50,final_score,return_score,volume_score,sma_score,volatility_score,description
2020-12-21,879.52,20.15,916.20,0.00,0.00,0.00,0.00,0.00,Ret(0.0) Vol(0.0) SMA(0.0) Volatility(0.0)
2020-12-22,878.16,21.56,913.48,1.17,0.00,1.17,0.00,0.00,Ret(0.0) Vol(1.2) SMA(0.0) Volatility(0.0)
2020-12-23,881.40,21.81,910.42,0.00,0.00,0.00,0.00,0.00,Ret(0.0) Vol(0.0) SMA(0.0) Volatility(0.0)
2020-12-24,904.21,22.65,907.76,0.00,0.00,0.00,0.00,0.00,Ret(0.0) Vol(0.0) SMA(0.0) Volatility(0.0)
2020-12-28,908.36,22.63,905.92,3.00,0.00,0.00,3.00,0.00,Ret(0.0) Vol(0.0) SMA(3.0) Volatility(0.0)
2020-12-29,902.35,21.52,904.23,0.00,0.00,0.00,0.00,0.00,Ret(0.0) Vol(0.0) SMA(0.0) Volatility(0.0)
2020-12-30,904.82,21.24,902.60,4.41,0.08,0.00,3.00,1.32,Ret(0.1) Vol(0.0) SMA(3.0) Volatility(1.3)
2020-12-31,900.20,21.43,901.05,1.52,0.22,0.00,0.00,1.30,Ret(0.2) Vol(0.0) SMA(0.0) Volatility(1.3)
2021-01-01,901.19,19.85,899.81,4.66,0.22,0.00,3.00,1.44,Ret(0.2) Vol(0.0) SMA(3.0) Volatility(1.4)
2021-01-04,902.71,19.93,898.75,4.54,0.11,0.00,3.00,1.43,Ret(0.1) Vol(0.0) SMA(3.0) Volatility(1.4)
2021-01-05,891.49,20.08,897.42,0.00,0.00,0.00,0.00,0.00,Ret(0.0) Vol(0.0) SMA(0.0) Volatility(0.0)
2021-01-06,867.98,21.10,896.38,0.00,0.00,0.00,0.00,0.00,Ret(0.0) Vol(0.0) SMA(0.0) Volatility(0.0)
2021-01-07,866.58,21.47,895.26,2.53,0.00,2.53,0.00,0.00,Ret(0.0) Vol(2.5) SMA(0.0) Volatility(0.0)
2021-01-08,876.80,21.06,894.55,0.85,0.00,0.85,0.00,0.00,Ret(0.0) Vol(0.9) SMA(0.0) Volatility(0.0)
2021-01-11,860.27,17.16,893.38,0.28,0.00,0.28,0.00,0.00,Ret(0.0) Vol(0.3) SMA(0.0) Volatility(0.0)
2021-01-12,887.39,16.91,892.50,0.97,0.00,0.97,0.00,0.00,Ret(0.0) Vol(1.0) SMA(0.0) Volatility(0.0)
2021-01-13,879.11,17.74,893.05,1.90,0.00,1.90,0.00,0.00,Ret(0.0) Vol(1.9) SMA(0.0) Volatility(0.0)
2021-01-14,889.00,16.87,894.05,0.04,0.00,0.04,0.00,0.00,Ret(0.0) Vol(0.0) SMA(0.0) Volatility(0.0)
2021-01-15,878.50,17.84,894.27,0.00,0.00,0.00,0.00,0.00,Ret(0.0) Vol(0.0) SMA(0.0) Volatility(0.0)
2021-01-18,899.58,19.26,894.53,3.00,0.00,0.00,3.00,0.00,Ret(0.0) Vol(0.0) SMA(3.0) Volatility(0.0)
2021-01-19,914.30,19.76,894.42,6.31,0.51,1.33,3.00,1.47,Ret(0.5) Vol(1.3) SMA(3.0) Volatility(1.5)
2021-01-20,931.67,20.52,894.45,7.19,1.80,0.95,3.00,1.44,Ret(1.8) Vol(0.9) SMA(3.0) Volatility(1.4)
2021-01-21,951.93,22.15,894.59,9.02,3.87,0.81,3.00,1.34,Ret(3.9) Vol(0.8) SMA(3.0) Volatility(1.3)
2021-01-22,929.35,23.74,895.06,8.88,2.90,1.82,3.00,1.16,Ret(2.9) Vol(1.8) SMA(3.0) Volatility(1.2)
2021-01-25,880.11,26.42,894.71,1.72,0.15,0.77,0.00,0.80,Ret(0.2) Vol(0.8) SMA(0.0) Volatility(0.8)
2021-01-27,859.25,26.17,893.79,3.00,0.00,3.00,0.00,0.00,Ret(0.0) Vol(3.0) SMA(0.0) Volatility(0.0)
2021-01-28,850.89,26.60,892.65,2.23,0.00,2.23,0.00,0.00,Ret(0.0) Vol(2.2) SMA(0.0) Volatility(0.0)
2021-01-29,835.20,28.41,891.28,1.00,0.00,1.00,0.00,0.00,Ret(0.0) Vol(1.0) SMA(0.0) Volatility(0.0)
2021-02-01,859.39,28.95,890.44,1.90,0.00,1.90,0.00,0.00,Ret(0.0) Vol(1.9) SMA(0.0) Volatility(0.0)
2021-02-02,873.22,29.68,890.02,0.83,0.00,0.83,0.00,0.00,Ret(0.0) Vol(0.8) SMA(0.0) Volatility(0.0)
2021-02-03,875.42,29.53,890.30,1.57,0.00,1.57,0.00,0.00,Ret(0.0) Vol(1.6) SMA(0.0) Volatility(0.0)
2021-02-04,872.54,29.75,890.06,0.27,0.00,0.27,0.00,0.00,Ret(0.0) Vol(0.3) SMA(0.0) Volatility(0.0)
2021-02-05,872.29,28.81,889.69,0.00,0.00,0.00,0.00,0.00,Ret(0.0) Vol(0.0) SMA(0.0) Volatility(0.0)
2021-02-08,884.85,27.89,889.73,0.00,0.00,0.00,0.00,0.00,Ret(0.0) Vol(0.0) SMA(0.0) Volatility(0.0)
2021-02-09,886.98,27.60,889.76,0.00,0.00,0.00,0.00,0.00,Ret(0.0) Vol(0.0) SMA(0.0) Volatility(0.0)
2021-02-10,895.21,27.63,890.16,4.42,0.69,0.00,3.00,0.73,Ret(0.7) Vol(0.0) SMA(3.0) Volatility(0.7)
2021-02-11,932.12,28.49,891.08,7.15,3.39,0.00,3.00,0.75,Ret(3.4) Vol(0.0) SMA(3.0) Volatility(0.8)
2021-02-12,925.73,27.92,891.83,9.02,3.52,1.71,3.00,0.79,Ret(3.5) Vol(1.7) SMA(3.0) Volatility(0.8)
2021-02-15,921.64,25.29,892.45,8.29,4.00,0.29,3.00,1.00,Ret(4.0) Vol(0.3) SMA(3.0) Volatility(1.0)
2021-02-16,933.84,25.09,893.48,7.52,3.47,0.00,3.00,1.05,Ret(3.5) Vol(0.0) SMA(3.0) Volatility(1.1)
2021-02-17,944.61,24.83,894.61,7.37,3.27,0.00,3.00,1.10,Ret(3.3) Vol(0.0) SMA(3.0) Volatility(1.1)
2021-02-18,937.56,23.74,895.28,7.01,2.84,0.00,3.00,1.17,Ret(2.8) Vol(0.0) SMA(3.0) Volatility(1.2)
2021-02-19,943.27,23.37,895.77,7.46,3.24,0.00,3.00,1.22,Ret(3.2) Vol(0.0) SMA(3.0) Volatility(1.2)
2021-02-22,910.54,23.69,895.78,5.87,1.75,0.00,3.00,1.12,Ret(1.8) Vol(0.0) SMA(3.0) Volatility(1.1)
2021-02-23,917.50,23.46,895.94,5.63,1.48,0.00,3.00,1.15,Ret(1.5) Vol(0.0) SMA(3.0) Volatility(1.2)
2021-02-24,934.52,23.68,896.57,6.32,2.14,0.00,3.00,1.17,Ret(2.1) Vol(0.0) SMA(3.0) Volatility(1.2)
2021-02-25,972.32,25.82,898.11,7.52,3.45,0.00,3.00,1.08,Ret(3.4) Vol(0.0) SMA(3.0) Volatility(1.1)
2021-02-26,945.77,26.74,899.10,5.38,0.59,0.86,3.00,0.94,Ret(0.6) Vol(0.9) SMA(3.0) Volatility(0.9)
2021-03-01,952.98,27.11,900.15,5.99,1.18,0.89,3.00,0.92,Ret(1.2) Vol(0.9) SMA(3.0) Volatility(0.9)
2021-03-02,954.93,26.58,901.19,5.42,1.44,0.00,3.00,0.97,Ret(1.4) Vol(0.0) SMA(3.0) Volatility(1.0)
2021-03-03,998.50,27.29,903.57,6.78,2.77,0.00,3.00,1.01,Ret(2.8) Vol(0.0) SMA(3.0) Volatility(1.0)
2021-03-04,986.60,26.70,905.74,5.96,1.78,0.15,3.00,1.04,Ret(1.8) Vol(0.2) SMA(3.0) Volatility(1.0)
2021-03-05,987.89,27.43,907.87,6.13,2.15,0.00,3.00,0.98,Ret(2.1) Vol(0.0) SMA(3.0) Volatility(1.0)
2021-03-08,993.51,27.98,909.65,6.08,2.13,0.00,3.00,0.95,Ret(2.1) Vol(0.0) SMA(3.0) Volatility(0.9)
2021-03-09,993.49,28.69,911.36,7.53,3.64,0.00,3.00,0.89,Ret(3.6) Vol(0.0) SMA(3.0) Volatility(0.9)
2021-03-10,989.36,28.55,913.10,7.02,3.13,0.00,3.00,0.89,Ret(3.1) Vol(0.0) SMA(3.0) Volatility(0.9)
2021-03-12,969.25,29.55,914.39,5.25,1.49,0.00,3.00,0.76,Ret(1.5) Vol(0.0) SMA(3.0) Volatility(0.8)
2021-03-15,956.24,28.69,915.51,3.00,0.00,0.00,3.00,0.00,Ret(0.0) Vol(0.0) SMA(3.0) Volatility(0.0)
2021-03-16,952.48,28.22,916.53,4.11,0.28,0.00,3.00,0.83,Ret(0.3) Vol(0.0) SMA(3.0) Volatility(0.8)
2021-03-17,931.96,29.07,917.12,3.00,0.00,0.00,3.00,0.00,Ret(0.0) Vol(0.0) SMA(3.0) Volatility(0.0)
2021-03-18,910.99,28.84,917.51,0.00,0.00,0.00,0.00,0.00,Ret(0.0) Vol(0.0) SMA(0.0) Volatility(0.0)
2021-03-19,944.04,30.11,919.03,3.00,0.00,0.00,3.00,0.00,Ret(0.0) Vol(0.0) SMA(3.0) Volatility(0.0)
2021-03-22,935.16,30.09,920.40,5.32,0.00,2.32,3.00,0.00,Ret(0.0) Vol(2.3) SMA(3.0) Volatility(0.0)
2021-03-23,946.54,30.50,921.80,3.00,0.00,0.00,3.00,0.00,Ret(0.0) Vol(0.0) SMA(3.0) Volatility(0.0)
2021-03-24,928.31,28.34,923.16,3.00,0.00,0.00,3.00,0.00,Ret(0.0) Vol(0.0) SMA(3.0) Volatility(0.0)
2021-03-25,902.99,29.14,923.47,0.00,0.00,0.00,0.00,0.00,Ret(0.0) Vol(0.0) SMA(0.0) Volatility(0.0)
2021-03-26,904.44,28.52,923.97,0.09,0.00,0.09,0.00,0.00,Ret(0.0) Vol(0.1) SMA(0.0) Volatility(0.0)
2021-03-30,920.15,28.31,924.60,0.00,0.00,0.00,0.00,0.00,Ret(0.0) Vol(0.0) SMA(0.0) Volatility(0.0)
2021-03-31,908.27,27.78,925.19,0.00,0.00,0.00,0.00,0.00,Ret(0.0) Vol(0.0) SMA(0.0) Volatility(0.0)
2021-04-01,916.77,27.20,925.54,0.00,0.00,0.00,0.00,0.00,Ret(0.0) Vol(0.0) SMA(0.0) Volatility(0.0)
2021-04-05,903.51,26.57,925.32,0.00,0.00,0.00,0.00,0.00,Ret(0.0) Vol(0.0) SMA(0.0) Volatility(0.0)
2021-04-06,899.74,25.52,924.68,0.00,0.00,0.00,0.00,0.00,Ret(0.0) Vol(0.0) SMA(0.0) Volatility(0.0)
2021-04-07,908.15,26.56,923.81,0.00,0.00,0.00,0.00,0.00,Ret(0.0) Vol(0.0) SMA(0.0) Volatility(0.0)
2021-04-08,909.29,25.30,923.41,0.66,0.00,0.66,0.00,0.00,Ret(0.0) Vol(0.7) SMA(0.0) Volatility(0.0)
2021-04-09,898.72,23.44,923.78,0.00,0.00,0.00,0.00,0.00,Ret(0.0) Vol(0.0) SMA(0.0) Volatility(0.0)
2021-04-12,866.58,22.42,923.92,0.00,0.00,0.00,0.00,0.00,Ret(0.0) Vol(0.0) SMA(0.0) Volatility(0.0)
2021-04-13,875.94,21.80,924.43,0.24,0.00,0.24,0.00,0.00,Ret(0.0) Vol(0.2) SMA(0.0) Volatility(0.0)
2021-04-15,881.61,21.61,925.35,0.02,0.00,0.02,0.00,0.00,Ret(0.0) Vol(0.0) SMA(0.0) Volatility(0.0)
2021-04-16,876.07,20.85,925.69,0.06,0.00,0.06,0.00,0.00,Ret(0.0) Vol(0.1) SMA(0.0) Volatility(0.0)
2021-04-19,862.29,19.98,925.47,0.00,0.00,0.00,0.00,0.00,Ret(0.0) Vol(0.0) SMA(0.0) Volatility(0.0)
2021-04-20,862.04,19.60,925.20,0.00,0.00,0.00,0.00,0.00,Ret(0.0) Vol(0.0) SMA(0.0) Volatility(0.0)
2021-04-22,864.42,18.97,925.04,0.00,0.00,0.00,0.00,0.00,Ret(0.0) Vol(0.0) SMA(0.0) Volatility(0.0)
2021-04-23,863.49,18.08,924.86,0.00,0.00,0.00,0.00,0.00,Ret(0.0) Vol(0.0) SMA(0.0) Volatility(0.0)
2021-04-26,878.68,19.08,924.74,0.00,0.00,0.00,0.00,0.00,Ret(0.0) Vol(0.0) SMA(0.0) Volatility(0.0)
2021-04-27,901.72,18.96,925.03,0.46,0.00,0.46,0.00,0.00,Ret(0.0) Vol(0.5) SMA(0.0) Volatility(0.0)
2021-04-28,905.64,18.70,925.24,2.17,0.31,0.32,0.00,1.55,Ret(0.3) Vol(0.3) SMA(0.0) Volatility(1.5)
2021-04-29,917.77,18.20,924.96,3.98,2.36,0.00,0.00,1.61,Ret(2.4) Vol(0.0) SMA(0.0) Volatility(1.6)
2021-04-30,904.37,18.83,924.53,2.83,1.30,0.00,0.00,1.53,Ret(1.3) Vol(0.0) SMA(0.0) Volatility(1.5)
2021-05-03,888.29,19.64,923.86,2.12,0.30,0.39,0.00,1.43,Ret(0.3) Vol(0.4) SMA(0.0) Volatility(1.4)
2021-05-04,869.05,18.84,922.57,0.95,0.00,0.95,0.00,0.00,Ret(0.0) Vol(1.0) SMA(0.0) Volatility(0.0)
2021-05-05,870.63,18.87,921.09,2.39,0.39,0.54,0.00,1.47,Ret(0.4) Vol(0.5) SMA(0.0) Volatility(1.5)
2021-05-06,875.58,18.23,919.85,2.16,0.63,0.00,0.00,1.53,Ret(0.6) Vol(0.0) SMA(0.0) Volatility(1.5)
2021-05-07,875.92,18.43,918.50,2.05,0.53,0.00,0.00,1.52,Ret(0.5) Vol(0.0) SMA(0.0) Volatility(1.5)
2021-05-10,873.40,17.91,917.76,2.02,0.46,0.00,0.00,1.56,Ret(0.5) Vol(0.0) SMA(0.0) Volatility(1.6)
2021-05-11,876.55,17.91,916.94,0.00,0.00,0.00,0.00,0.00,Ret(0.0) Vol(0.0) SMA(0.0) Volatility(0.0)
2021-05-12,867.48,17.53,915.60,0.00,0.00,0.00,0.00,0.00,Ret(0.0) Vol(0.0) SMA(0.0) Volatility(0.0)
2021-05-14,878.43,17.93,913.72,0.00,0.00,0.00,0.00,0.00,Ret(0.0) Vol(0.0) SMA(0.0) Volatility(0.0)
2021-05-17,888.88,17.14,912.58,0.00,0.00,0.00,0.00,0.00,Ret(0.0) Vol(0.0) SMA(0.0) Volatility(0.0)
2021-05-18,901.40,16.58,911.55,0.00,0.00,0.00,0.00,0.00,Ret(0.0) Vol(0.0) SMA(0.0) Volatility(0.0)
2021-05-19,905.52,17.12,910.56,2.46,0.78,0.00,0.00,1.69,Ret(0.8) Vol(0.0) SMA(0.0) Volatility(1.7)
2021-05-20,900.24,16.56,908.60,3.16,1.44,0.00,0.00,1.73,Ret(1.4) Vol(0.0) SMA(0.0) Volatility(1.7)
2021-05-21,908.02,15.78,907.03,6.53,1.72,0.00,3.00,1.81,Ret(1.7) Vol(0.0) SMA(3.0) Volatility(1.8)
2021-05-24,900.36,15.01,905.27,3.00,1.13,0.00,0.00,1.87,Ret(1.1) Vol(0.0) SMA(0.0) Volatility(1.9)
2021-05-25,890.15,14.37,903.21,2.56,0.65,0.00,0.00,1.91,Ret(0.7) Vol(0.0) SMA(0.0) Volatility(1.9)
2021-05-26,893.28,13.91,901.20,2.86,0.91,0.00,0.00,1.95,Ret(0.9) Vol(0.0) SMA(0.0) Volatility(2.0)
2021-05-27,896.03,13.99,899.34,2.84,0.89,0.00,0.00,1.95,Ret(0.9) Vol(0.0) SMA(0.0) Volatility(2.0)
2021-05-28,949.85,17.20,898.95,10.87,3.80,2.32,3.00,1.75,Ret(3.8) Vol(2.3) SMA(3.0) Volatility(1.8)
2021-05-31,979.55,19.82,899.41,11.58,4.00,3.00,3.00,1.58,Ret(4.0) Vol(3.0) SMA(3.0) Volatility(1.6)
2021-06-01,983.45,20.69,900.03,11.52,4.00,3.00,3.00,1.52,Ret(4.0) Vol(3.0) SMA(3.0) Volatility(1.5)
2021-06-02,998.12,21.55,901.36,11.03,4.00,2.56,3.00,1.47,Ret(4.0) Vol(2.6) SMA(3.0) Volatility(1.5)
2021-06-03,1001.92,22.13,903.18,10.20,4.00,1.76,3.00,1.43,Ret(4.0) Vol(1.8) SMA(3.0) Volatility(1.4)
2021-06-04,993.24,22.10,904.16,9.92,4.00,1.50,3.00,1.42,Ret(4.0) Vol(1.5) SMA(3.0) Volatility(1.4)
2021-06-07,1009.97,22.58,905.66,8.41,4.00,0.00,3.00,1.41,Ret(4.0) Vol(0.0) SMA(3.0) Volatility(1.4)
2021-06-08,1004.17,22.09,906.81,8.51,4.00,0.07,3.00,1.44,Ret(4.0) Vol(0.1) SMA(3.0) Volatility(1.4)
2021-06-09,986.21,23.16,907.97,8.32,4.00,0.00,3.00,1.32,Ret(4.0) Vol(0.0) SMA(3.0) Volatility(1.3)
2021-06-10,989.84,24.16,909.70,8.25,4.00,0.00,3.00,1.25,Ret(4.0) Vol(0.0) SMA(3.0) Volatility(1.2)
2021-06-11,1007.01,24.97,911.76,8.22,4.00,0.00,3.00,1.22,Ret(4.0) Vol(0.0) SMA(3.0) Volatility(1.2)
2021-06-14,1021.46,25.82,913.78,7.19,3.02,0.00,3.00,1.18,Ret(3.0) Vol(0.0) SMA(3.0) Volatility(1.2)
2021-06-15,1023.78,26.42,916.09,7.09,1.81,1.15,3.00,1.14,Ret(1.8) Vol(1.1) SMA(3.0) Volatility(1.1)
2021-06-16,1006.30,26.85,917.88,5.09,0.93,0.10,3.00,1.07,Ret(0.9) Vol(0.1) SMA(3.0) Volatility(1.1)
2021-06-17,1008.15,24.47,919.98,4.66,0.40,0.00,3.00,1.26,Ret(0.4) Vol(0.0) SMA(3.0) Volatility(1.3)
2021-06-18,1012.70,22.66,922.23,5.08,0.43,0.24,3.00,1.41,Ret(0.4) Vol(0.2) SMA(3.0) Volatility(1.4)
2021-06-21,1017.98,22.40,924.43,8.43,1.00,2.99,3.00,1.44,Ret(1.0) Vol(3.0) SMA(3.0) Volatility(1.4)
2021-06-22,1012.74,22.06,926.50,4.57,0.11,0.00,3.00,1.46,Ret(0.1) Vol(0.0) SMA(3.0) Volatility(1.5)
2021-06-23,1003.46,21.90,928.59,3.00,0.00,0.00,3.00,0.00,Ret(0.0) Vol(0.0) SMA(3.0) Volatility(0.0)
2021-06-24,979.87,23.28,930.86,3.43,0.00,0.43,3.00,0.00,Ret(0.0) Vol(0.4) SMA(3.0) Volatility(0.0)
2021-06-25,957.55,23.79,932.49,6.00,0.00,3.00,3.00,0.00,Ret(0.0) Vol(3.0) SMA(3.0) Volatility(0.0)
2021-06-28,949.16,24.32,933.84,6.00,0.00,3.00,3.00,0.00,Ret(0.0) Vol(3.0) SMA(3.0) Volatility(0.0)
2021-06-29,949.97,23.09,935.32,4.18,0.00,1.18,3.00,0.00,Ret(0.0) Vol(1.2) SMA(3.0) Volatility(0.0)
2021-06-30,960.37,22.44,937.28,5.60,0.00,2.60,3.00,0.00,Ret(0.0) Vol(2.6) SMA(3.0) Volatility(0.0)
2021-07-01,954.59,21.65,939.13,4.08,0.00,1.08,3.00,0.00,Ret(0.0) Vol(1.1) SMA(3.0) Volatility(0.0)
2021-07-02,968.74,20.89,941.22,3.00,0.00,0.00,3.00,0.00,Ret(0.0) Vol(0.0) SMA(3.0) Volatility(0.0)
2021-07-05,978.37,20.56,943.52,3.00,0.00,0.00,3.00,0.00,Ret(0.0) Vol(0.0) SMA(3.0) Volatility(0.0)
2021-07-06,966.81,20.10,945.28,3.00,0.00,0.00,3.00,0.00,Ret(0.0) Vol(0.0) SMA(3.0) Volatility(0.0)
2021-07-07,960.10,19.28,946.45,3.00,0.00,0.00,3.00,0.00,Ret(0.0) Vol(0.0) SMA(3.0) Volatility(0.0)
2021-07-08,952.16,18.80,947.38,3.00,0.00,0.00,3.00,0.00,Ret(0.0) Vol(0.0) SMA(3.0) Volatility(0.0)
2021-07-09,942.42,18.12,947.87,0.00,0.00,0.00,0.00,0.00,Ret(0.0) Vol(0.0) SMA(0.0) Volatility(0.0)
2021-07-12,948.29,17.75,948.75,0.00,0.00,0.00,0.00,0.00,Ret(0.0) Vol(0.0) SMA(0.0) Volatility(0.0)
2021-07-13,955.39,16.78,950.09,5.06,0.26,0.00,3.00,1.79,Ret(0.3) Vol(0.0) SMA(3.0) Volatility(1.8)
2021-07-14,949.16,15.19,951.69,0.00,0.00,0.00,0.00,0.00,Ret(0.0) Vol(0.0) SMA(0.0) Volatility(0.0)
2021-07-15,947.49,13.37,953.23,0.00,0.00,0.00,0.00,0.00,Ret(0.0) Vol(0.0) SMA(0.0) Volatility(0.0)
2021-07-16,961.17,12.95,954.94,5.28,0.28,0.00,3.00,2.00,Ret(0.3) Vol(0.0) SMA(3.0) Volatility(2.0)
2021-07-19,955.05,13.17,956.53,0.00,0.00,0.00,0.00,0.00,Ret(0.0) Vol(0.0) SMA(0.0) Volatility(0.0)
2021-07-20,952.70,12.82,958.11,0.00,0.00,0.00,0.00,0.00,Ret(0.0) Vol(0.0) SMA(0.0) Volatility(0.0)
2021-07-22,964.94,12.88,959.88,3.00,0.00,0.00,3.00,0.00,Ret(0.0) Vol(0.0) SMA(3.0) Volatility(0.0)
2021-07-23,958.12,12.63,961.69,0.00,0.00,0.00,0.00,0.00,Ret(0.0) Vol(0.0) SMA(0.0) Volatility(0.0)
2021-07-26,944.99,13.46,963.02,0.00,0.00,0.00,0.00,0.00,Ret(0.0) Vol(0.0) SMA(0.0) Volatility(0.0)
2021-07-27,935.05,13.84,963.95,0.00,0.00,0.00,0.00,0.00,Ret(0.0) Vol(0.0) SMA(0.0) Volatility(0.0)
2021-07-28,927.02,14.23,964.46,0.00,0.00,0.00,0.00,0.00,Ret(0.0) Vol(0.0) SMA(0.0) Volatility(0.0)
2021-07-29,934.25,14.26,965.03,0.10,0.00,0.10,0.00,0.00,Ret(0.0) Vol(0.1) SMA(0.0) Volatility(0.0)
2021-07-30,926.09,14.60,965.55,0.31,0.00,0.31,0.00,0.00,Ret(0.0) Vol(0.3) SMA(0.0) Volatility(0.0)
2021-08-02,943.01,15.05,966.25,0.00,0.00,0.00,0.00,0.00,Ret(0.0) Vol(0.0) SMA(0.0) Volatility(0.0)
2021-08-03,949.95,15.30,967.24,0.00,0.00,0.00,0.00,0.00,Ret(0.0) Vol(0.0) SMA(0.0) Volatility(0.0)
2021-08-04,957.23,15.35,968.58,2.02,0.09,0.01,0.00,1.92,Ret(0.1) Vol(0.0) SMA(0.0) Volatility(1.9)
2021-08-05,971.11,16.47,970.14,5.91,0.77,0.29,3.00,1.84,Ret(0.8) Vol(0.3) SMA(3.0) Volatility(1.8)
2021-08-06,950.54,17.64,971.23,2.19,0.00,2.19,0.00,0.00,Ret(0.0) Vol(2.2) SMA(0.0) Volatility(0.0)
2021-08-09,945.13,17.36,971.14,1.06,0.00,1.06,0.00,0.00,Ret(0.0) Vol(1.1) SMA(0.0) Volatility(0.0)
2021-08-10,950.09,17.86,970.55,1.91,0.22,0.00,0.00,1.70,Ret(0.2) Vol(0.0) SMA(0.0) Volatility(1.7)
2021-08-11,963.40,18.07,970.15,2.93,1.21,0.01,0.00,1.70,Ret(1.2) Vol(0.0) SMA(0.0) Volatility(1.7)
2021-08-12,960.30,17.70,969.39,3.16,1.44,0.00,0.00,1.73,Ret(1.4) Vol(0.0) SMA(0.0) Volatility(1.7)
2021-08-13,976.30,17.41,968.88,6.57,1.80,0.00,3.00,1.77,Ret(1.8) Vol(0.0) SMA(3.0) Volatility(1.8)
2021-08-16,988.97,18.49,968.79,7.68,2.72,0.26,3.00,1.70,Ret(2.7) Vol(0.3) SMA(3.0) Volatility(1.7)
2021-08-17,984.76,18.35,968.29,9.08,1.77,2.60,3.00,1.71,Ret(1.8) Vol(2.6) SMA(3.0) Volatility(1.7)
2021-08-18,988.58,18.26,967.98,6.58,1.63,0.23,3.00,1.72,Ret(1.6) Vol(0.2) SMA(3.0) Volatility(1.7)
2021-08-20,977.48,18.22,967.80,5.56,0.85,0.00,3.00,1.71,Ret(0.8) Vol(0.0) SMA(3.0) Volatility(1.7)
2021-08-23,983.90,18.14,967.68,5.25,0.53,0.00,3.00,1.73,Ret(0.5) Vol(0.0) SMA(3.0) Volatility(1.7)
2021-08-24,993.61,18.45,967.41,6.53,1.81,0.00,3.00,1.71,Ret(1.8) Vol(0.0) SMA(3.0) Volatility(1.7)
2021-08-25,1002.21,18.87,967.03,7.33,2.42,0.22,3.00,1.69,Ret(2.4) Vol(0.2) SMA(3.0) Volatility(1.7)
2021-08-26,1014.88,18.59,966.85,8.09,2.73,0.63,3.00,1.73,Ret(2.7) Vol(0.6) SMA(3.0) Volatility(1.7)
2021-08-27,1013.49,17.24,967.00,8.96,2.08,2.04,3.00,1.84,Ret(2.1) Vol(2.0) SMA(3.0) Volatility(1.8)
2021-08-30,1032.99,18.05,967.49,7.83,3.03,0.00,3.00,1.80,Ret(3.0) Vol(0.0) SMA(3.0) Volatility(1.8)
2021-08-31,1027.49,18.13,967.79,7.76,2.10,0.87,3.00,1.79,Ret(2.1) Vol(0.9) SMA(3.0) Volatility(1.8)
2021-09-01,1031.56,18.07,968.06,9.52,1.72,3.00,3.00,1.80,Ret(1.7) Vol(3.0) SMA(3.0) Volatility(1.8)
2021-09-02,1043.98,19.09,968.68,7.22,2.41,0.07,3.00,1.74,Ret(2.4) Vol(0.1) SMA(3.0) Volatility(1.7)
2021-09-03,1086.80,21.03,970.35,8.63,3.97,0.00,3.00,1.65,Ret(4.0) Vol(0.0) SMA(3.0) Volatility(1.7)
2021-09-06,1103.68,21.57,972.83,11.64,4.00,3.00,3.00,1.64,Ret(4.0) Vol(3.0) SMA(3.0) Volatility(1.6)
2021-09-07,1110.64,21.86,975.89,11.63,4.00,3.00,3.00,1.63,Ret(4.0) Vol(3.0) SMA(3.0) Volatility(1.6)
2021-09-08,1106.29,22.28,979.03,10.22,4.00,1.63,3.00,1.59,Ret(4.0) Vol(1.6) SMA(3.0) Volatility(1.6)
2021-09-09,1103.68,21.83,982.11,9.32,4.00,0.70,3.00,1.62,Ret(4.0) Vol(0.7) SMA(3.0) Volatility(1.6)
2021-09-13,1079.08,22.59,984.48,7.06,2.53,0.00,3.00,1.53,Ret(2.5) Vol(0.0) SMA(3.0) Volatility(1.5)
2021-09-14,1077.67,22.31,986.94,8.21,2.53,1.13,3.00,1.54,Ret(2.5) Vol(1.1) SMA(3.0) Volatility(1.5)
2021-09-15,1082.16,21.90,989.21,6.48,1.90,0.00,3.00,1.58,Ret(1.9) Vol(0.0) SMA(3.0) Volatility(1.6)
2021-09-16,1104.86,22.80,991.74,7.56,3.01,0.00,3.00,1.55,Ret(3.0) Vol(0.0) SMA(3.0) Volatility(1.5)
2021-09-17,1087.73,24.54,994.16,6.97,2.18,0.39,3.00,1.40,Ret(2.2) Vol(0.4) SMA(3.0) Volatility(1.4)
2021-09-20,1089.46,24.53,996.75,9.14,1.74,3.00,3.00,1.40,Ret(1.7) Vol(3.0) SMA(3.0) Volatility(1.4)
2021-09-21,1094.17,24.24,999.59,4.70,0.27,0.00,3.00,1.43,Ret(0.3) Vol(0.0) SMA(3.0) Volatility(1.4)
2021-09-22,1105.91,24.54,1002.86,4.51,0.08,0.00,3.00,1.43,Ret(0.1) Vol(0.0) SMA(3.0) Volatility(1.4)
2021-09-23,1132.93,24.98,1006.55,5.24,0.80,0.00,3.00,1.44,Ret(0.8) Vol(0.0) SMA(3.0) Volatility(1.4)
2021-09-24,1129.66,22.80,1010.03,6.27,0.84,0.84,3.00,1.59,Ret(0.8) Vol(0.8) SMA(3.0) Volatility(1.6)
2021-09-27,1148.66,21.60,1014.02,7.03,1.63,0.71,3.00,1.70,Ret(1.6) Vol(0.7) SMA(3.0) Volatility(1.7)
2021-09-28,1159.39,21.80,1018.26,8.43,2.98,0.75,3.00,1.70,Ret(3.0) Vol(0.8) SMA(3.0) Volatility(1.7)
2021-09-29,1150.20,21.88,1022.04,8.62,2.69,1.25,3.00,1.68,Ret(2.7) Vol(1.3) SMA(3.0) Volatility(1.7)
2021-09-30,1146.29,22.29,1025.87,7.02,2.37,0.00,3.00,1.64,Ret(2.4) Vol(0.0) SMA(3.0) Volatility(1.6)
2021-10-01,1148.31,21.63,1029.78,6.41,1.57,0.14,3.00,1.69,Ret(1.6) Vol(0.1) SMA(3.0) Volatility(1.7)
2021-10-04,1163.08,22.39,1033.74,7.43,2.77,0.00,3.00,1.66,Ret(2.8) Vol(0.0) SMA(3.0) Volatility(1.7)
2021-10-05,1187.22,23.60,1038.32,8.20,3.59,0.00,3.00,1.61,Ret(3.6) Vol(0.0) SMA(3.0) Volatility(1.6)
2021-10-06,1164.76,23.57,1042.72,7.47,2.58,0.30,3.00,1.58,Ret(2.6) Vol(0.3) SMA(3.0) Volatility(1.6)
2021-10-07,1170.47,22.23,1047.43,7.02,2.34,0.00,3.00,1.68,Ret(2.3) Vol(0.0) SMA(3.0) Volatility(1.7)
2021-10-08,1215.45,24.30,1053.20,7.51,2.91,0.00,3.00,1.60,Ret(2.9) Vol(0.0) SMA(3.0) Volatility(1.6)
2021-10-11,1206.99,25.66,1058.65,7.96,2.74,0.72,3.00,1.50,Ret(2.7) Vol(0.7) SMA(3.0) Volatility(1.5)
2021-10-12,1213.88,25.60,1064.41,7.17,2.27,0.39,3.00,1.51,Ret(2.3) Vol(0.4) SMA(3.0) Volatility(1.5)
2021-10-13,1226.23,25.12,1070.07,6.87,2.31,0.00,3.00,1.56,Ret(2.3) Vol(0.0) SMA(3.0) Volatility(1.6)
2021-10-14,1228.71,25.01,1075.65,7.30,2.73,0.00,3.00,1.57,Ret(2.7) Vol(0.0) SMA(3.0) Volatility(1.6)
2021-10-18,1231.99,25.93,1081.14,7.51,2.99,0.00,3.00,1.52,Ret(3.0) Vol(0.0) SMA(3.0) Volatility(1.5)
2021-10-19,1243.02,25.65,1086.58,8.08,3.30,0.23,3.00,1.55,Ret(3.3) Vol(0.2) SMA(3.0) Volatility(1.5)
2021-10-20,1228.71,25.70,1092.14,6.78,2.26,0.00,3.00,1.53,Ret(2.3) Vol(0.0) SMA(3.0) Volatility(1.5)
2021-10-21,1193.27,28.64,1097.11,4.48,0.20,0.00,3.00,1.28,Ret(0.2) Vol(0.0) SMA(3.0) Volatility(1.3)
2021-10-22,1195.50,28.92,1102.02,6.98,1.06,1.66,3.00,1.26,Ret(1.1) Vol(1.7) SMA(3.0) Volatility(1.3)
2021-10-25,1183.85,30.83,1106.42,4.57,0.46,0.00,3.00,1.12,Ret(0.5) Vol(0.0) SMA(3.0) Volatility(1.1)
2021-10-26,1210.81,30.91,1111.43,3.94,0.00,0.94,3.00,0.00,Ret(0.0) Vol(0.9) SMA(3.0) Volatility(0.0)
2021-10-27,1195.50,30.52,1115.82,3.00,0.00,0.00,3.00,0.00,Ret(0.0) Vol(0.0) SMA(3.0) Volatility(0.0)
2021-10-28,1182.39,30.80,1119.69,3.00,0.00,0.00,3.00,0.00,Ret(0.0) Vol(0.0) SMA(3.0) Volatility(0.0)
2021-10-29,1154.02,30.31,1123.07,3.00,0.00,0.00,3.00,0.00,Ret(0.0) Vol(0.0) SMA(3.0) Volatility(0.0)
2021-11-01,1154.73,29.89,1126.40,3.49,0.00,0.49,3.00,0.00,Ret(0.0) Vol(0.5) SMA(3.0) Volatility(0.0)
2021-11-02,1137.89,30.25,1129.60,3.55,0.00,0.55,3.00,0.00,Ret(0.0) Vol(0.6) SMA(3.0) Volatility(0.0)
2021-11-03,1130.07,30.49,1132.53,0.00,0.00,0.00,0.00,0.00,Ret(0.0) Vol(0.0) SMA(0.0) Volatility(0.0)
2021-11-04,1137.01,30.20,1135.39,3.03,0.00,0.03,3.00,0.00,Ret(0.0) Vol(0.0) SMA(3.0) Volatility(0.0)
2021-11-08,1138.42,29.58,1138.12,3.00,0.00,0.00,3.00,0.00,Ret(0.0) Vol(0.0) SMA(3.0) Volatility(0.0)
2021-11-09,1147.40,29.52,1140.77,5.35,0.00,2.35,3.00,0.00,Ret(0.0) Vol(2.4) SMA(3.0) Volatility(0.0)
2021-11-10,1160.24,29.62,1143.70,3.96,0.00,0.96,3.00,0.00,Ret(0.0) Vol(1.0) SMA(3.0) Volatility(0.0)
2021-11-11,1162.35,26.70,1146.29,3.00,0.00,0.00,3.00,0.00,Ret(0.0) Vol(0.0) SMA(3.0) Volatility(0.0)
2021-11-12,1179.89,26.40,1149.34,3.00,0.00,0.00,3.00,0.00,Ret(0.0) Vol(0.0) SMA(3.0) Volatility(0.0)
2021-11-15,1172.93,23.87,1152.17,3.00,0.00,0.00,3.00,0.00,Ret(0.0) Vol(0.0) SMA(3.0) Volatility(0.0)
2021-11-16,1145.67,24.38,1154.20,0.00,0.00,0.00,0.00,0.00,Ret(0.0) Vol(0.0) SMA(0.0) Volatility(0.0)
2021-11-17,1121.15,24.38,1154.89,0.09,0.00,0.09,0.00,0.00,Ret(0.0) Vol(0.1) SMA(0.0) Volatility(0.0)
2021-11-18,1125.38,24.10,1155.32,0.00,0.00,0.00,0.00,0.00,Ret(0.0) Vol(0.0) SMA(0.0) Volatility(0.0)
2021-11-22,1075.53,24.93,1154.62,0.00,0.00,0.00,0.00,0.00,Ret(0.0) Vol(0.0) SMA(0.0) Volatility(0.0)
2021-11-23,1085.59,25.92,1154.21,3.00,0.00,3.00,0.00,0.00,Ret(0.0) Vol(3.0) SMA(0.0) Volatility(0.0)
2021-11-24,1069.92,26.36,1153.53,3.00,0.00,3.00,0.00,0.00,Ret(0.0) Vol(3.0) SMA(0.0) Volatility(0.0)
2021-11-25,1134.32,29.34,1154.64,1.60,0.00,1.60,0.00,0.00,Ret(0.0) Vol(1.6) SMA(0.0) Volatility(0.0)
2021-11-26,1097.76,31.62,1155.04,3.00,0.00,3.00,0.00,0.00,Ret(0.0) Vol(3.0) SMA(0.0) Volatility(0.0)
2021-11-29,1110.91,32.83,1155.61,1.31,0.00,1.31,0.00,0.00,Ret(0.0) Vol(1.3) SMA(0.0) Volatility(0.0)
2021-11-30,1094.49,34.30,1155.40,3.00,0.00,3.00,0.00,0.00,Ret(0.0) Vol(3.0) SMA(0.0) Volatility(0.0)
2021-12-01,1122.51,34.76,1156.10,3.00,0.00,3.00,0.00,0.00,Ret(0.0) Vol(3.0) SMA(0.0) Volatility(0.0)
2021-12-02,1129.73,34.75,1156.91,0.00,0.00,0.00,0.00,0.00,Ret(0.0) Vol(0.0) SMA(0.0) Volatility(0.0)
2021-12-03,1095.78,36.51,1156.94,0.27,0.00,0.27,0.00,0.00,Ret(0.0) Vol(0.3) SMA(0.0) Volatility(0.0)
2021-12-06,1075.01,37.67,1156.32,1.94,0.00,1.94,0.00,0.00,Ret(0.0) Vol(1.9) SMA(0.0) Volatility(0.0)
2021-12-07,1083.77,36.41,1155.34,0.82,0.31,0.00,0.00,0.51,Ret(0.3) Vol(0.0) SMA(0.0) Volatility(0.5)
2021-12-08,1100.26,36.18,1154.75,1.11,0.54,0.00,0.00,0.57,Ret(0.5) Vol(0.0) SMA(0.0) Volatility(0.6)
2021-12-09,1117.71,36.76,1154.13,2.36,1.79,0.00,0.00,0.57,Ret(1.8) Vol(0.0) SMA(0.0) Volatility(0.6)
2021-12-10,1118.85,33.95,1153.32,0.51,0.00,0.51,0.00,0.00,Ret(0.0) Vol(0.5) SMA(0.0) Volatility(0.0)
2021-12-13,1096.42,33.23,1152.24,0.00,0.00,0.00,0.00,0.00,Ret(0.0) Vol(0.0) SMA(0.0) Volatility(0.0)
2021-12-14,1083.00,32.25,1150.98,0.32,0.00,0.32,0.00,0.00,Ret(0.0) Vol(0.3) SMA(0.0) Volatility(0.0)
2021-12-15,1079.83,28.78,1149.61,0.16,0.00,0.16,0.00,0.00,Ret(0.0) Vol(0.2) SMA(0.0) Volatility(0.0)
2021-12-16,1093.80,27.33,1148.22,0.00,0.00,0.00,0.00,0.00,Ret(0.0) Vol(0.0) SMA(0.0) Volatility(0.0)
2021-12-17,1064.93,26.91,1145.78,0.00,0.00,0.00,0.00,0.00,Ret(0.0) Vol(0.0) SMA(0.0) Volatility(0.0)
2021-12-20,1036.22,27.12,1143.21,2.41,0.00,2.41,0.00,0.00,Ret(0.0) Vol(2.4) SMA(0.0) Volatility(0.0)
2021-12-21,1051.65,27.12,1140.83,0.68,0.00,0.68,0.00,0.00,Ret(0.0) Vol(0.7) SMA(0.0) Volatility(0.0)
2021-12-22,1076.60,27.97,1138.05,0.12,0.00,0.12,0.00,0.00,Ret(0.0) Vol(0.1) SMA(0.0) Volatility(0.0)
2021-12-23,1076.22,25.48,1135.44,1.29,0.00,1.29,0.00,0.00,Ret(0.0) Vol(1.3) SMA(0.0) Volatility(0.0)
2021-12-24,1079.65,25.04,1132.75,0.00,0.00,0.00,0.00,0.00,Ret(0.0) Vol(0.0) SMA(0.0) Volatility(0.0)
2021-12-27,1078.49,24.59,1129.80,0.00,0.00,0.00,0.00,0.00,Ret(0.0) Vol(0.0) SMA(0.0) Volatility(0.0)
2021-12-28,1091.30,24.09,1127.05,0.00,0.00,0.00,0.00,0.00,Ret(0.0) Vol(0.0) SMA(0.0) Volatility(0.0)
2021-12-29,1093.17,23.44,1124.27,1.86,0.38,0.00,0.00,1.48,Ret(0.4) Vol(0.0) SMA(0.0) Volatility(1.5)
2021-12-30,1073.42,24.21,1120.88,0.97,0.00,0.97,0.00,0.00,Ret(0.0) Vol(1.0) SMA(0.0) Volatility(0.0)
2021-12-31,1077.54,22.74,1117.86,3.00,0.00,3.00,0.00,0.00,Ret(0.0) Vol(3.0) SMA(0.0) Volatility(0.0)
2022-01-03,1093.78,23.00,1115.87,2.60,1.08,0.00,0.00,1.52,Ret(1.1) Vol(0.0) SMA(0.0) Volatility(1.5)
2022-01-04,1118.47,23.43,1114.33,7.70,3.17,0.00,3.00,1.52,Ret(3.2) Vol(0.0) SMA(3.0) Volatility(1.5)
2022-01-05,1123.70,23.34,1113.12,7.28,2.74,0.00,3.00,1.54,Ret(2.7) Vol(0.0) SMA(3.0) Volatility(1.5)
2022-01-06,1099.54,22.45,1110.90,2.51,0.85,0.10,0.00,1.57,Ret(0.9) Vol(0.1) SMA(0.0) Volatility(1.6)
2022-01-07,1108.41,20.93,1109.16,3.66,1.20,0.77,0.00,1.69,Ret(1.2) Vol(0.8) SMA(0.0) Volatility(1.7)
2022-01-10,1109.32,20.03,1107.70,6.08,1.10,0.23,3.00,1.76,Ret(1.1) Vol(0.2) SMA(3.0) Volatility(1.8)
2022-01-11,1117.30,19.36,1106.96,6.25,1.44,0.00,3.00,1.81,Ret(1.4) Vol(0.0) SMA(3.0) Volatility(1.8)
2022-01-12,1147.13,20.90,1106.81,7.59,2.05,0.80,3.00,1.74,Ret(2.0) Vol(0.8) SMA(3.0) Volatility(1.7)
2022-01-13,1153.59,20.19,1107.12,7.46,2.21,0.45,3.00,1.80,Ret(2.2) Vol(0.5) SMA(3.0) Volatility(1.8)
2022-01-14,1155.28,20.56,1107.63,7.83,3.05,0.00,3.00,1.78,Ret(3.1) Vol(0.0) SMA(3.0) Volatility(1.8)
2022-01-17,1161.30,20.35,1108.11,9.53,3.11,1.62,3.00,1.80,Ret(3.1) Vol(1.6) SMA(3.0) Volatility(1.8)
2022-01-18,1147.45,20.66,1108.29,6.72,1.96,0.00,3.00,1.76,Ret(2.0) Vol(0.0) SMA(3.0) Volatility(1.8)
2022-01-19,1147.36,19.81,1108.29,5.85,1.03,0.00,3.00,1.82,Ret(1.0) Vol(0.0) SMA(3.0) Volatility(1.8)
2022-01-20,1127.27,21.17,1107.63,4.83,0.13,0.00,3.00,1.70,Ret(0.1) Vol(0.0) SMA(3.0) Volatility(1.7)
2022-01-21,1127.45,21.36,1106.94,6.73,1.02,1.03,3.00,1.68,Ret(1.0) Vol(1.0) SMA(3.0) Volatility(1.7)
2022-01-24,1081.97,24.36,1104.98,0.26,0.00,0.26,0.00,0.00,Ret(0.0) Vol(0.3) SMA(0.0) Volatility(0.0)
2022-01-25,1079.86,25.65,1103.12,2.34,0.00,2.34,0.00,0.00,Ret(0.0) Vol(2.3) SMA(0.0) Volatility(0.0)
2022-01-27,1063.86,25.70,1101.48,2.98,0.00,2.98,0.00,0.00,Ret(0.0) Vol(3.0) SMA(0.0) Volatility(0.0)
2022-01-28,1062.84,25.73,1100.31,1.70,0.00,1.70,0.00,0.00,Ret(0.0) Vol(1.7) SMA(0.0) Volatility(0.0)
2022-01-31,1085.93,26.70,1099.52,0.42,0.00,0.42,0.00,0.00,Ret(0.0) Vol(0.4) SMA(0.0) Volatility(0.0)
2022-02-01,1082.34,27.79,1099.66,0.00,0.00,0.00,0.00,0.00,Ret(0.0) Vol(0.0) SMA(0.0) Volatility(0.0)
2022-02-02,1084.54,26.57,1099.64,0.08,0.00,0.08,0.00,0.00,Ret(0.0) Vol(0.1) SMA(0.0) Volatility(0.0)
2022-02-03,1070.53,27.27,1099.65,0.00,0.00,0.00,0.00,0.00,Ret(0.0) Vol(0.0) SMA(0.0) Volatility(0.0)
2022-02-04,1060.77,26.95,1098.18,0.00,0.00,0.00,0.00,0.00,Ret(0.0) Vol(0.0) SMA(0.0) Volatility(0.0)
2022-02-07,1054.31,27.73,1097.31,0.00,0.00,0.00,0.00,0.00,Ret(0.0) Vol(0.0) SMA(0.0) Volatility(0.0)
2022-02-08,1072.03,27.84,1096.53,0.00,0.00,0.00,0.00,0.00,Ret(0.0) Vol(0.0) SMA(0.0) Volatility(0.0)
2022-02-09,1084.52,27.78,1096.33,1.25,0.09,0.00,0.00,1.15,Ret(0.1) Vol(0.0) SMA(0.0) Volatility(1.2)
2022-02-10,1083.41,26.61,1095.55,1.37,0.13,0.00,0.00,1.24,Ret(0.1) Vol(0.0) SMA(0.0) Volatility(1.2)
2022-02-11,1081.29,26.29,1094.58,2.00,0.66,0.09,0.00,1.26,Ret(0.7) Vol(0.1) SMA(0.0) Volatility(1.3)
2022-02-14,1064.07,23.48,1093.95,2.37,0.05,0.89,0.00,1.43,Ret(0.0) Vol(0.9) SMA(0.0) Volatility(1.4)
2022-02-15,1100.20,23.63,1094.45,5.01,0.53,0.00,3.00,1.48,Ret(0.5) Vol(0.0) SMA(3.0) Volatility(1.5)
2022-02-16,1097.92,22.81,1094.74,5.11,0.58,0.00,3.00,1.54,Ret(0.6) Vol(0.0) SMA(3.0) Volatility(1.5)
2022-02-17,1111.82,22.73,1094.97,5.57,1.01,0.00,3.00,1.56,Ret(1.0) Vol(0.0) SMA(3.0) Volatility(1.6)
2022-02-18,1103.13,21.61,1094.68,6.13,1.22,0.28,3.00,1.63,Ret(1.2) Vol(0.3) SMA(3.0) Volatility(1.6)
2022-02-21,1091.98,20.95,1094.14,2.84,1.18,0.00,0.00,1.67,Ret(1.2) Vol(0.0) SMA(0.0) Volatility(1.7)
2022-02-22,1087.02,21.62,1093.95,2.85,1.24,0.00,0.00,1.61,Ret(1.2) Vol(0.0) SMA(0.0) Volatility(1.6)
2022-02-23,1080.22,21.11,1093.89,2.33,0.31,0.39,0.00,1.64,Ret(0.3) Vol(0.4) SMA(0.0) Volatility(1.6)
2022-03-17,1129.20,33.00,1091.34,5.25,1.39,0.00,3.00,0.86,Ret(1.4) Vol(0.0) SMA(3.0) Volatility(0.9)
2022-03-21,1122.70,32.77,1091.32,7.44,1.50,2.08,3.00,0.87,Ret(1.5) Vol(2.1) SMA(3.0) Volatility(0.9)
2022-03-22,1151.70,31.37,1092.36,7.56,3.54,0.00,3.00,1.02,Ret(3.5) Vol(0.0) SMA(3.0) Volatility(1.0)
2022-03-23,1155.37,30.39,1093.30,10.44,4.00,2.35,3.00,1.10,Ret(4.0) Vol(2.3) SMA(3.0) Volatility(1.1)
2022-03-24,1173.32,31.35,1094.58,8.73,4.00,0.66,3.00,1.06,Ret(4.0) Vol(0.7) SMA(3.0) Volatility(1.1)
2022-03-25,1181.14,30.73,1095.86,8.24,4.00,0.12,3.00,1.12,Ret(4.0) Vol(0.1) SMA(3.0) Volatility(1.1)
2022-03-28,1193.02,28.77,1096.77,8.48,3.84,0.37,3.00,1.27,Ret(3.8) Vol(0.4) SMA(3.0) Volatility(1.3)
2022-03-29,1193.29,27.62,1097.57,8.07,3.72,0.00,3.00,1.35,Ret(3.7) Vol(0.0) SMA(3.0) Volatility(1.3)
2022-03-30,1216.22,25.61,1098.79,8.52,4.00,0.00,3.00,1.52,Ret(4.0) Vol(0.0) SMA(3.0) Volatility(1.5)
2022-03-31,1198.84,25.40,1099.54,9.34,4.00,0.84,3.00,1.51,Ret(4.0) Vol(0.8) SMA(3.0) Volatility(1.5)
2022-04-01,1208.44,25.66,1100.76,8.71,4.00,0.21,3.00,1.50,Ret(4.0) Vol(0.2) SMA(3.0) Volatility(1.5)
2022-04-04,1212.02,25.11,1102.05,7.48,2.93,0.00,3.00,1.54,Ret(2.9) Vol(0.0) SMA(3.0) Volatility(1.5)
2022-04-05,1194.88,23.88,1103.40,7.17,2.57,0.00,3.00,1.60,Ret(2.6) Vol(0.0) SMA(3.0) Volatility(1.6)
2022-04-06,1191.70,23.97,1104.69,6.10,1.39,0.12,3.00,1.59,Ret(1.4) Vol(0.1) SMA(3.0) Volatility(1.6)
2022-04-07,1170.68,22.61,1106.46,5.19,0.53,0.00,3.00,1.66,Ret(0.5) Vol(0.0) SMA(3.0) Volatility(1.7)
2022-04-08,1190.15,23.26,1108.67,5.79,0.57,0.58,3.00,1.64,Ret(0.6) Vol(0.6) SMA(3.0) Volatility(1.6)
2022-04-11,1187.67,22.42,1111.14,5.37,0.22,0.45,3.00,1.69,Ret(0.2) Vol(0.5) SMA(3.0) Volatility(1.7)
2022-04-12,1165.31,22.84,1113.19,3.00,0.00,0.00,3.00,0.00,Ret(0.0) Vol(0.0) SMA(3.0) Volatility(0.0)
2022-04-13,1161.03,21.96,1114.70,3.01,0.00,0.01,3.00,0.00,Ret(0.0) Vol(0.0) SMA(3.0) Volatility(0.0)
2022-04-18,1157.48,21.93,1116.20,3.00,0.00,0.00,3.00,0.00,Ret(0.0) Vol(0.0) SMA(3.0) Volatility(0.0)
2022-04-21,1265.89,26.58,1125.97,8.99,1.78,2.69,3.00,1.52,Ret(1.8) Vol(2.7) SMA(3.0) Volatility(1.5)
2022-04-28,1283.07,32.47,1144.29,8.42,3.21,1.03,3.00,1.18,Ret(3.2) Vol(1.0) SMA(3.0) Volatility(1.2)
2022-07-29,1141.83,22.83,1156.53,3.47,1.87,0.00,0.00,1.60,Ret(1.9) Vol(0.0) SMA(0.0) Volatility(1.6)
2022-08-01,1171.59,24.28,1156.24,7.42,2.88,0.00,3.00,1.54,Ret(2.9) Vol(0.0) SMA(3.0) Volatility(1.5)
2022-08-02,1176.05,23.80,1155.95,7.28,2.68,0.02,3.00,1.58,Ret(2.7) Vol(0.0) SMA(3.0) Volatility(1.6)
2022-08-03,1185.92,23.33,1155.90,7.40,2.78,0.00,3.00,1.63,Ret(2.8) Vol(0.0) SMA(3.0) Volatility(1.6)
2022-08-04,1170.25,24.98,1155.76,5.59,1.10,0.00,3.00,1.49,Ret(1.1) Vol(0.0) SMA(3.0) Volatility(1.5)
2022-08-05,1153.00,25.60,1155.39,2.19,0.77,0.00,0.00,1.42,Ret(0.8) Vol(0.0) SMA(0.0) Volatility(1.4)
2022-08-08,1168.08,25.79,1154.50,5.46,1.02,0.00,3.00,1.43,Ret(1.0) Vol(0.0) SMA(3.0) Volatility(1.4)
2022-08-10,1175.07,23.43,1154.04,7.28,2.68,0.00,3.00,1.60,Ret(2.7) Vol(0.0) SMA(3.0) Volatility(1.6)
2022-08-11,1178.98,23.24,1153.66,7.42,2.80,0.00,3.00,1.62,Ret(2.8) Vol(0.0) SMA(3.0) Volatility(1.6)
2022-08-12,1198.05,24.19,1152.83,8.12,3.54,0.00,3.00,1.58,Ret(3.5) Vol(0.0) SMA(3.0) Volatility(1.6)
2022-08-16,1206.37,21.91,1151.66,7.91,3.16,0.00,3.00,1.75,Ret(3.2) Vol(0.0) SMA(3.0) Volatility(1.7)
2022-08-17,1212.68,21.68,1150.73,7.25,2.48,0.00,3.00,1.77,Ret(2.5) Vol(0.0) SMA(3.0) Volatility(1.8)
2022-08-18,1214.87,21.81,1149.79,6.24,1.48,0.00,3.00,1.76,Ret(1.5) Vol(0.0) SMA(3.0) Volatility(1.8)
2022-08-19,1193.21,22.08,1148.87,5.30,0.58,0.00,3.00,1.72,Ret(0.6) Vol(0.0) SMA(3.0) Volatility(1.7)
2022-08-22,1189.90,21.60,1147.20,4.88,0.13,0.00,3.00,1.75,Ret(0.1) Vol(0.0) SMA(3.0) Volatility(1.7)
2022-08-23,1208.26,21.01,1146.66,6.11,1.30,0.00,3.00,1.81,Ret(1.3) Vol(0.0) SMA(3.0) Volatility(1.8)
2022-08-24,1205.04,20.64,1146.53,6.63,1.81,0.00,3.00,1.83,Ret(1.8) Vol(0.0) SMA(3.0) Volatility(1.8)
2022-08-25,1201.52,20.57,1146.64,5.98,1.15,0.00,3.00,1.83,Ret(1.1) Vol(0.0) SMA(3.0) Volatility(1.8)
2022-08-26,1195.11,19.28,1146.92,5.59,0.68,0.00,3.00,1.91,Ret(0.7) Vol(0.0) SMA(3.0) Volatility(1.9)
2022-08-29,1185.82,20.11,1147.34,5.08,0.23,0.00,3.00,1.84,Ret(0.2) Vol(0.0) SMA(3.0) Volatility(1.8)
2022-08-30,1204.22,20.64,1147.85,6.32,0.21,1.29,3.00,1.83,Ret(0.2) Vol(1.3) SMA(3.0) Volatility(1.8)
2022-09-01,1168.81,22.42,1148.09,5.00,0.00,2.00,3.00,0.00,Ret(0.0) Vol(2.0) SMA(3.0) Volatility(0.0)
2022-09-02,1155.16,23.07,1147.67,4.30,0.00,1.30,3.00,0.00,Ret(0.0) Vol(1.3) SMA(3.0) Volatility(0.0)
2022-09-05,1173.10,22.81,1148.33,3.00,0.00,0.00,3.00,0.00,Ret(0.0) Vol(0.0) SMA(3.0) Volatility(0.0)
2022-09-06,1185.45,23.02,1149.61,3.00,0.00,0.00,3.00,0.00,Ret(0.0) Vol(0.0) SMA(3.0) Volatility(0.0)
2022-09-07,1178.56,23.06,1150.43,3.00,0.00,0.00,3.00,0.00,Ret(0.0) Vol(0.0) SMA(3.0) Volatility(0.0)
2022-09-08,1180.23,23.00,1151.35,3.00,0.00,0.00,3.00,0.00,Ret(0.0) Vol(0.0) SMA(3.0) Volatility(0.0)
2022-09-09,1172.88,22.65,1151.81,3.00,0.00,0.00,3.00,0.00,Ret(0.0) Vol(0.0) SMA(3.0) Volatility(0.0)
2022-09-12,1186.00,22.57,1152.05,3.00,0.00,0.00,3.00,0.00,Ret(0.0) Vol(0.0) SMA(3.0) Volatility(0.0)
2022-09-13,1195.91,21.58,1152.34,4.78,0.03,0.00,3.00,1.76,Ret(0.0) Vol(0.0) SMA(3.0) Volatility(1.8)
2022-09-14,1181.57,21.98,1154.06,3.00,0.00,0.00,3.00,0.00,Ret(0.0) Vol(0.0) SMA(3.0) Volatility(0.0)
2022-09-15,1169.86,22.20,1155.49,3.00,0.00,0.00,3.00,0.00,Ret(0.0) Vol(0.0) SMA(3.0) Volatility(0.0)
2022-09-16,1140.88,23.13,1156.16,0.00,0.00,0.00,0.00,0.00,Ret(0.0) Vol(0.0) SMA(0.0) Volatility(0.0)
2022-09-19,1142.36,21.97,1157.06,2.61,0.00,2.61,0.00,0.00,Ret(0.0) Vol(2.6) SMA(0.0) Volatility(0.0)
2022-09-20,1142.54,21.13,1158.18,0.00,0.00,0.00,0.00,0.00,Ret(0.0) Vol(0.0) SMA(0.0) Volatility(0.0)
2022-09-21,1145.69,19.53,1159.33,0.00,0.00,0.00,0.00,0.00,Ret(0.0) Vol(0.0) SMA(0.0) Volatility(0.0)
2022-09-22,1134.90,19.14,1159.97,0.00,0.00,0.00,0.00,0.00,Ret(0.0) Vol(0.0) SMA(0.0) Volatility(0.0)
2022-09-23,1113.62,19.43,1160.22,0.00,0.00,0.00,0.00,0.00,Ret(0.0) Vol(0.0) SMA(0.0) Volatility(0.0)
2022-09-26,1085.25,20.34,1160.29,0.00,0.00,0.00,0.00,0.00,Ret(0.0) Vol(0.0) SMA(0.0) Volatility(0.0)
2022-09-27,1093.88,21.62,1160.35,0.62,0.00,0.62,0.00,0.00,Ret(0.0) Vol(0.6) SMA(0.0) Volatility(0.0)
2022-09-30,1085.43,24.84,1158.50,1.26,0.00,1.26,0.00,0.00,Ret(0.0) Vol(1.3) SMA(0.0) Volatility(0.0)
2022-10-04,1101.62,25.62,1156.77,0.44,0.00,0.44,0.00,0.00,Ret(0.0) Vol(0.4) SMA(0.0) Volatility(0.0)
2022-10-06,1105.68,25.29,1156.10,0.00,0.00,0.00,0.00,0.00,Ret(0.0) Vol(0.0) SMA(0.0) Volatility(0.0)
2022-10-07,1110.36,23.91,1156.28,0.91,0.00,0.91,0.00,0.00,Ret(0.0) Vol(0.9) SMA(0.0) Volatility(0.0)
2022-10-10,1098.24,24.01,1156.21,0.00,0.00,0.00,0.00,0.00,Ret(0.0) Vol(0.0) SMA(0.0) Volatility(0.0)
2022-10-12,1084.29,24.68,1155.05,0.00,0.00,0.00,0.00,0.00,Ret(0.0) Vol(0.0) SMA(0.0) Volatility(0.0)
2022-10-13,1087.74,24.55,1153.97,0.00,0.00,0.00,0.00,0.00,Ret(0.0) Vol(0.0) SMA(0.0) Volatility(0.0)
2022-10-14,1082.22,24.14,1152.18,2.07,0.66,0.00,0.00,1.42,Ret(0.7) Vol(0.0) SMA(0.0) Volatility(1.4)
2022-10-17,1099.59,24.34,1150.65,2.86,1.44,0.00,0.00,1.43,Ret(1.4) Vol(0.0) SMA(0.0) Volatility(1.4)
2022-10-18,1118.99,23.96,1149.31,4.95,1.24,2.23,0.00,1.49,Ret(1.2) Vol(2.2) SMA(0.0) Volatility(1.5)
2022-10-19,1138.46,24.51,1148.67,4.30,2.10,0.73,0.00,1.48,Ret(2.1) Vol(0.7) SMA(0.0) Volatility(1.5)
2022-10-20,1141.52,23.85,1148.45,5.56,1.45,2.59,0.00,1.53,Ret(1.4) Vol(2.6) SMA(0.0) Volatility(1.5)
2022-10-21,1128.28,22.50,1147.65,2.42,0.82,0.00,0.00,1.60,Ret(0.8) Vol(0.0) SMA(0.0) Volatility(1.6)
2022-10-24,1132.04,22.28,1146.79,2.41,0.78,0.00,0.00,1.63,Ret(0.8) Vol(0.0) SMA(0.0) Volatility(1.6)
2022-10-25,1114.56,22.69,1145.50,2.17,0.59,0.00,0.00,1.57,Ret(0.6) Vol(0.0) SMA(0.0) Volatility(1.6)
2022-10-27,1118.94,22.65,1143.92,3.86,1.58,0.70,0.00,1.58,Ret(1.6) Vol(0.7) SMA(0.0) Volatility(1.6)
2022-10-28,1153.18,24.43,1142.85,7.83,2.54,0.78,3.00,1.51,Ret(2.5) Vol(0.8) SMA(3.0) Volatility(1.5)
2022-10-31,1163.88,24.12,1141.88,9.67,2.80,2.33,3.00,1.54,Ret(2.8) Vol(2.3) SMA(3.0) Volatility(1.5)
2022-11-01,1154.87,25.07,1140.68,7.91,2.69,0.76,3.00,1.46,Ret(2.7) Vol(0.8) SMA(3.0) Volatility(1.5)
2022-11-02,1162.08,24.96,1140.06,7.98,2.27,1.22,3.00,1.48,Ret(2.3) Vol(1.2) SMA(3.0) Volatility(1.5)
2022-11-03,1166.42,24.98,1139.59,6.18,1.70,0.00,3.00,1.49,Ret(1.7) Vol(0.0) SMA(3.0) Volatility(1.5)
2022-11-04,1183.58,25.03,1139.09,6.09,1.59,0.00,3.00,1.51,Ret(1.6) Vol(0.0) SMA(3.0) Volatility(1.5)
2022-11-07,1189.90,23.92,1138.79,7.31,1.70,1.03,3.00,1.59,Ret(1.7) Vol(1.0) SMA(3.0) Volatility(1.6)
2022-11-09,1188.72,23.19,1138.53,7.35,2.14,0.57,3.00,1.64,Ret(2.1) Vol(0.6) SMA(3.0) Volatility(1.6)
2022-11-10,1174.34,21.72,1138.12,6.48,1.49,0.27,3.00,1.72,Ret(1.5) Vol(0.3) SMA(3.0) Volatility(1.7)
2022-11-11,1201.41,22.68,1138.43,7.81,3.12,0.00,3.00,1.69,Ret(3.1) Vol(0.0) SMA(3.0) Volatility(1.7)
2022-11-14,1195.59,22.26,1138.26,7.87,2.74,0.42,3.00,1.71,Ret(2.7) Vol(0.4) SMA(3.0) Volatility(1.7)
2022-11-15,1190.22,21.91,1138.69,6.01,1.28,0.00,3.00,1.73,Ret(1.3) Vol(0.0) SMA(3.0) Volatility(1.7)
2022-11-16,1183.40,21.05,1139.25,5.45,0.67,0.00,3.00,1.78,Ret(0.7) Vol(0.0) SMA(3.0) Volatility(1.8)
2022-11-17,1186.46,20.96,1139.52,5.88,1.09,0.00,3.00,1.79,Ret(1.1) Vol(0.0) SMA(3.0) Volatility(1.8)
2022-11-18,1185.82,19.46,1139.52,5.70,0.82,0.00,3.00,1.89,Ret(0.8) Vol(0.0) SMA(3.0) Volatility(1.9)
2022-11-21,1164.48,20.11,1139.24,3.00,0.00,0.00,3.00,0.00,Ret(0.0) Vol(0.0) SMA(3.0) Volatility(0.0)
2022-11-22,1170.94,18.15,1139.06,3.00,0.00,0.00,3.00,0.00,Ret(0.0) Vol(0.0) SMA(3.0) Volatility(0.0)
2022-11-23,1167.28,17.84,1138.95,3.00,0.00,0.00,3.00,0.00,Ret(0.0) Vol(0.0) SMA(3.0) Volatility(0.0)
2022-11-24,1177.35,18.21,1138.77,3.00,0.00,0.00,3.00,0.00,Ret(0.0) Vol(0.0) SMA(3.0) Volatility(0.0)
2022-11-25,1194.93,18.10,1138.75,5.72,0.70,0.03,3.00,1.99,Ret(0.7) Vol(0.0) SMA(3.0) Volatility(2.0)
2022-11-28,1235.99,24.06,1139.84,5.79,1.15,0.00,3.00,1.64,Ret(1.2) Vol(0.0) SMA(3.0) Volatility(1.6)
2022-11-29,1238.11,24.25,1141.21,9.06,1.42,3.00,3.00,1.63,Ret(1.4) Vol(3.0) SMA(3.0) Volatility(1.6)
2022-11-30,1246.85,24.46,1143.33,7.16,1.90,0.62,3.00,1.63,Ret(1.9) Vol(0.6) SMA(3.0) Volatility(1.6)
2022-12-01,1243.18,23.66,1145.34,9.70,2.02,3.00,3.00,1.68,Ret(2.0) Vol(3.0) SMA(3.0) Volatility(1.7)
2022-12-02,1242.65,24.00,1147.34,6.66,1.89,0.11,3.00,1.65,Ret(1.9) Vol(0.1) SMA(3.0) Volatility(1.7)
2022-12-05,1224.53,24.25,1148.92,6.66,1.31,0.74,3.00,1.62,Ret(1.3) Vol(0.7) SMA(3.0) Volatility(1.6)
2022-12-06,1228.07,24.30,1150.78,8.58,2.18,1.78,3.00,1.62,Ret(2.2) Vol(1.8) SMA(3.0) Volatility(1.6)
2022-12-07,1209.94,24.95,1152.71,5.88,1.33,0.00,3.00,1.55,Ret(1.3) Vol(0.0) SMA(3.0) Volatility(1.6)
2022-12-08,1209.37,24.52,1155.19,6.02,1.44,0.00,3.00,1.58,Ret(1.4) Vol(0.0) SMA(3.0) Volatility(1.6)
2022-12-09,1191.05,24.64,1157.14,5.01,0.47,0.00,3.00,1.55,Ret(0.5) Vol(0.0) SMA(3.0) Volatility(1.5)
2022-12-12,1192.87,24.84,1159.70,4.02,0.00,1.02,3.00,0.00,Ret(0.0) Vol(1.0) SMA(3.0) Volatility(0.0)
2022-12-13,1198.30,24.86,1162.43,3.00,0.00,0.00,3.00,0.00,Ret(0.0) Vol(0.0) SMA(3.0) Volatility(0.0)
2022-12-14,1193.97,24.27,1164.61,3.00,0.00,0.00,3.00,0.00,Ret(0.0) Vol(0.0) SMA(3.0) Volatility(0.0)
2022-12-15,1177.01,24.23,1166.51,3.00,0.00,0.00,3.00,0.00,Ret(0.0) Vol(0.0) SMA(3.0) Volatility(0.0)
2022-12-16,1171.19,19.07,1167.90,3.00,0.00,0.00,3.00,0.00,Ret(0.0) Vol(0.0) SMA(3.0) Volatility(0.0)
2022-12-19,1186.57,19.09,1169.52,5.16,0.00,2.16,3.00,0.00,Ret(0.0) Vol(2.2) SMA(3.0) Volatility(0.0)
2022-12-20,1196.84,19.51,1171.25,3.00,0.00,0.00,3.00,0.00,Ret(0.0) Vol(0.0) SMA(3.0) Volatility(0.0)
2022-12-21,1179.82,20.09,1172.88,3.00,0.00,0.00,3.00,0.00,Ret(0.0) Vol(0.0) SMA(3.0) Volatility(0.0)
2022-12-22,1176.76,19.78,1174.89,3.00,0.00,0.00,3.00,0.00,Ret(0.0) Vol(0.0) SMA(3.0) Volatility(0.0)
2022-12-23,1142.25,21.55,1176.05,0.00,0.00,0.00,0.00,0.00,Ret(0.0) Vol(0.0) SMA(0.0) Volatility(0.0)
2022-12-26,1152.22,21.99,1177.34,0.41,0.00,0.41,0.00,0.00,Ret(0.0) Vol(0.4) SMA(0.0) Volatility(0.0)
2022-12-27,1161.65,21.36,1178.93,0.00,0.00,0.00,0.00,0.00,Ret(0.0) Vol(0.0) SMA(0.0) Volatility(0.0)
2022-12-28,1161.53,21.47,1180.17,0.00,0.00,0.00,0.00,0.00,Ret(0.0) Vol(0.0) SMA(0.0) Volatility(0.0)
2022-12-29,1161.01,20.34,1181.01,0.00,0.00,0.00,0.00,0.00,Ret(0.0) Vol(0.0) SMA(0.0) Volatility(0.0)
2022-12-30,1162.79,20.27,1181.49,0.00,0.00,0.00,0.00,0.00,Ret(0.0) Vol(0.0) SMA(0.0) Volatility(0.0)
2023-01-02,1175.89,20.45,1182.18,1.97,0.16,0.00,0.00,1.81,Ret(0.2) Vol(0.0) SMA(0.0) Volatility(1.8)
2023-01-03,1167.28,20.45,1182.96,0.00,0.00,0.00,0.00,0.00,Ret(0.0) Vol(0.0) SMA(0.0) Volatility(0.0)
2023-01-04,1149.71,20.54,1183.31,0.00,0.00,0.00,0.00,0.00,Ret(0.0) Vol(0.0) SMA(0.0) Volatility(0.0)
2023-01-05,1147.66,19.61,1183.98,0.45,0.00,0.45,0.00,0.00,Ret(0.0) Vol(0.5) SMA(0.0) Volatility(0.0)
2023-01-06,1158.09,19.47,1184.76,1.87,0.00,1.87,0.00,0.00,Ret(0.0) Vol(1.9) SMA(0.0) Volatility(0.0)
2023-01-09,1185.43,19.63,1185.40,6.39,1.51,0.00,3.00,1.87,Ret(1.5) Vol(0.0) SMA(3.0) Volatility(1.9)
2023-01-10,1167.90,19.74,1185.48,3.39,0.54,1.00,0.00,1.85,Ret(0.5) Vol(1.0) SMA(0.0) Volatility(1.8)
2023-01-11,1153.18,19.72,1185.45,0.00,0.00,0.00,0.00,0.00,Ret(0.0) Vol(0.0) SMA(0.0) Volatility(0.0)
2023-01-12,1128.28,18.71,1184.77,1.22,0.00,1.22,0.00,0.00,Ret(0.0) Vol(1.2) SMA(0.0) Volatility(0.0)
2023-01-13,1126.45,18.34,1183.98,3.00,0.00,3.00,0.00,0.00,Ret(0.0) Vol(3.0) SMA(0.0) Volatility(0.0)
2023-01-16,1115.72,18.97,1182.62,3.00,0.00,3.00,0.00,0.00,Ret(0.0) Vol(3.0) SMA(0.0) Volatility(0.0)
2023-01-17,1131.56,19.31,1181.45,1.77,0.00,1.77,0.00,0.00,Ret(0.0) Vol(1.8) SMA(0.0) Volatility(0.0)
2023-01-18,1129.69,19.55,1180.27,0.73,0.00,0.73,0.00,0.00,Ret(0.0) Vol(0.7) SMA(0.0) Volatility(0.0)
2023-01-19,1128.48,19.18,1179.35,1.49,0.00,1.49,0.00,0.00,Ret(0.0) Vol(1.5) SMA(0.0) Volatility(0.0)
2023-01-20,1115.06,19.38,1177.63,0.99,0.00,0.99,0.00,0.00,Ret(0.0) Vol(1.0) SMA(0.0) Volatility(0.0)
2023-01-23,1109.42,19.80,1175.90,1.78,0.00,1.78,0.00,0.00,Ret(0.0) Vol(1.8) SMA(0.0) Volatility(0.0)
2023-01-24,1102.87,20.10,1174.16,0.51,0.00,0.51,0.00,0.00,Ret(0.0) Vol(0.5) SMA(0.0) Volatility(0.0)
2023-01-25,1087.63,20.22,1172.24,2.28,0.00,2.28,0.00,0.00,Ret(0.0) Vol(2.3) SMA(0.0) Volatility(0.0)
2023-01-27,1066.99,21.58,1169.85,0.96,0.00,0.96,0.00,0.00,Ret(0.0) Vol(1.0) SMA(0.0) Volatility(0.0)
2023-01-30,1077.22,21.77,1167.68,3.00,0.00,3.00,0.00,0.00,Ret(0.0) Vol(3.0) SMA(0.0) Volatility(0.0)
2023-01-31,1074.52,21.34,1165.88,3.00,0.00,3.00,0.00,0.00,Ret(0.0) Vol(3.0) SMA(0.0) Volatility(0.0)
2023-02-01,1068.16,22.56,1163.83,3.00,0.00,3.00,0.00,0.00,Ret(0.0) Vol(3.0) SMA(0.0) Volatility(0.0)
2023-02-02,1062.24,21.57,1161.72,2.88,0.00,2.88,0.00,0.00,Ret(0.0) Vol(2.9) SMA(0.0) Volatility(0.0)
2023-02-03,1063.18,22.15,1159.44,0.91,0.00,0.91,0.00,0.00,Ret(0.0) Vol(0.9) SMA(0.0) Volatility(0.0)
2023-02-06,1055.17,21.19,1156.65,3.00,0.00,3.00,0.00,0.00,Ret(0.0) Vol(3.0) SMA(0.0) Volatility(0.0)
2023-02-07,1052.64,21.04,1152.98,1.15,0.00,1.15,0.00,0.00,Ret(0.0) Vol(1.1) SMA(0.0) Volatility(0.0)
2023-02-08,1073.66,21.80,1149.69,1.18,0.00,1.18,0.00,0.00,Ret(0.0) Vol(1.2) SMA(0.0) Volatility(0.0)
2023-02-09,1075.53,22.20,1146.26,2.65,0.00,2.65,0.00,0.00,Ret(0.0) Vol(2.7) SMA(0.0) Volatility(0.0)
2023-02-10,1066.67,22.10,1142.73,0.37,0.00,0.37,0.00,0.00,Ret(0.0) Vol(0.4) SMA(0.0) Volatility(0.0)
2023-02-13,1060.60,21.95,1139.09,0.00,0.00,0.00,0.00,0.00,Ret(0.0) Vol(0.0) SMA(0.0) Volatility(0.0)
2023-02-14,1085.59,22.02,1136.31,1.89,0.31,0.00,0.00,1.58,Ret(0.3) Vol(0.0) SMA(0.0) Volatility(1.6)
2023-02-15,1110.18,22.94,1133.96,3.54,1.33,0.66,0.00,1.55,Ret(1.3) Vol(0.7) SMA(0.0) Volatility(1.5)
2023-02-16,1109.31,21.74,1131.94,6.17,1.54,3.00,0.00,1.63,Ret(1.5) Vol(3.0) SMA(0.0) Volatility(1.6)
2023-02-17,1113.94,20.63,1130.03,4.72,1.95,1.05,0.00,1.72,Ret(1.9) Vol(1.1) SMA(0.0) Volatility(1.7)
2023-02-20,1102.17,20.40,1128.26,3.19,1.47,0.00,0.00,1.72,Ret(1.5) Vol(0.0) SMA(0.0) Volatility(1.7)
2023-02-21,1111.16,19.08,1126.62,3.95,2.12,0.00,0.00,1.83,Ret(2.1) Vol(0.0) SMA(0.0) Volatility(1.8)
2023-02-22,1085.96,19.80,1124.38,3.02,1.27,0.02,0.00,1.74,Ret(1.3) Vol(0.0) SMA(0.0) Volatility(1.7)
2023-02-23,1080.76,19.06,1122.11,2.05,0.26,0.00,0.00,1.79,Ret(0.3) Vol(0.0) SMA(0.0) Volatility(1.8)
2023-02-24,1088.15,19.24,1120.33,2.25,0.47,0.00,0.00,1.79,Ret(0.5) Vol(0.0) SMA(0.0) Volatility(1.8)
2023-02-27,1080.92,19.36,1118.53,2.30,0.53,0.00,0.00,1.77,Ret(0.5) Vol(0.0) SMA(0.0) Volatility(1.8)
2023-03-01,1069.98,18.91,1113.47,1.93,0.00,1.93,0.00,0.00,Ret(0.0) Vol(1.9) SMA(0.0) Volatility(0.0)
2023-03-03,1088.93,19.76,1109.35,0.00,0.00,0.00,0.00,0.00,Ret(0.0) Vol(0.0) SMA(0.0) Volatility(0.0)
2023-03-06,1099.56,19.13,1108.50,0.28,0.00,0.28,0.00,0.00,Ret(0.0) Vol(0.3) SMA(0.0) Volatility(0.0)
2023-03-08,1103.51,18.15,1107.52,1.93,0.05,0.00,0.00,1.88,Ret(0.0) Vol(0.0) SMA(0.0) Volatility(1.9)
2023-03-09,1076.99,18.92,1105.83,0.50,0.00,0.50,0.00,0.00,Ret(0.0) Vol(0.5) SMA(0.0) Volatility(0.0)
2023-04-05,1061.74,22.09,1066.10,3.38,1.85,0.00,0.00,1.54,Ret(1.8) Vol(0.0) SMA(0.0) Volatility(1.5)
2023-04-06,1068.86,20.95,1065.18,7.62,2.55,0.44,3.00,1.63,Ret(2.5) Vol(0.4) SMA(3.0) Volatility(1.6)
2023-04-10,1061.29,20.20,1064.22,3.55,0.97,0.90,0.00,1.68,Ret(1.0) Vol(0.9) SMA(0.0) Volatility(1.7)
2023-04-11,1066.54,19.47,1063.49,5.79,1.05,0.00,3.00,1.74,Ret(1.0) Vol(0.0) SMA(3.0) Volatility(1.7)
2023-04-12,1071.24,19.30,1063.16,6.52,1.76,0.00,3.00,1.76,Ret(1.8) Vol(0.0) SMA(3.0) Volatility(1.8)
2023-04-13,1075.28,17.70,1063.33,8.63,2.76,0.98,3.00,1.88,Ret(2.8) Vol(1.0) SMA(3.0) Volatility(1.9)
2023-04-17,1080.73,19.47,1063.40,7.08,2.32,0.00,3.00,1.76,Ret(2.3) Vol(0.0) SMA(3.0) Volatility(1.8)
2023-04-18,1068.36,20.04,1063.27,7.13,1.64,0.79,3.00,1.70,Ret(1.6) Vol(0.8) SMA(3.0) Volatility(1.7)
2023-04-19,1073.68,19.18,1063.38,6.87,2.10,0.00,3.00,1.77,Ret(2.1) Vol(0.0) SMA(3.0) Volatility(1.8)
2023-04-20,1070.96,18.30,1063.56,5.09,0.26,0.00,3.00,1.83,Ret(0.3) Vol(0.0) SMA(3.0) Volatility(1.8)
2023-04-21,1072.31,18.47,1063.74,5.12,0.30,0.00,3.00,1.82,Ret(0.3) Vol(0.0) SMA(3.0) Volatility(1.8)
2023-04-24,1076.42,18.34,1064.17,5.39,0.55,0.00,3.00,1.84,Ret(0.6) Vol(0.0) SMA(3.0) Volatility(1.8)
2023-04-25,1084.66,15.77,1064.81,5.59,0.59,0.00,3.00,2.00,Ret(0.6) Vol(0.0) SMA(3.0) Volatility(2.0)
2023-04-26,1078.29,15.71,1064.90,5.64,0.64,0.00,3.00,2.00,Ret(0.6) Vol(0.0) SMA(3.0) Volatility(2.0)
2023-04-27,1085.12,15.14,1065.09,5.70,0.70,0.00,3.00,2.00,Ret(0.7) Vol(0.0) SMA(3.0) Volatility(2.0)
2023-04-28,1104.95,15.50,1065.86,6.26,1.26,0.00,3.00,2.00,Ret(1.3) Vol(0.0) SMA(3.0) Volatility(2.0)
2023-05-02,1114.33,15.38,1066.93,7.00,1.45,0.55,3.00,2.00,Ret(1.5) Vol(0.6) SMA(3.0) Volatility(2.0)
2023-05-03,1104.77,15.87,1067.31,5.89,0.89,0.00,3.00,2.00,Ret(0.9) Vol(0.0) SMA(3.0) Volatility(2.0)
2023-05-04,1117.50,15.89,1067.46,6.84,1.84,0.00,3.00,2.00,Ret(1.8) Vol(0.0) SMA(3.0) Volatility(2.0)
2023-05-05,1114.65,15.94,1067.57,6.53,1.53,0.00,3.00,2.00,Ret(1.5) Vol(0.0) SMA(3.0) Volatility(2.0)
2023-05-08,1128.41,14.83,1067.86,7.15,2.15,0.00,3.00,2.00,Ret(2.1) Vol(0.0) SMA(3.0) Volatility(2.0)
2023-05-09,1131.91,13.93,1068.45,7.22,2.22,0.00,3.00,2.00,Ret(2.2) Vol(0.0) SMA(3.0) Volatility(2.0)
2023-05-10,1139.69,13.76,1069.02,7.35,2.35,0.00,3.00,2.00,Ret(2.4) Vol(0.0) SMA(3.0) Volatility(2.0)
2023-05-11,1132.25,13.95,1069.95,6.76,1.76,0.00,3.00,2.00,Ret(1.8) Vol(0.0) SMA(3.0) Volatility(2.0)
2023-05-12,1134.10,14.16,1071.02,7.07,2.07,0.00,3.00,2.00,Ret(2.1) Vol(0.0) SMA(3.0) Volatility(2.0)
2023-05-15,1136.33,14.11,1071.98,6.89,1.89,0.00,3.00,2.00,Ret(1.9) Vol(0.0) SMA(3.0) Volatility(2.0)
2023-05-16,1120.15,14.74,1072.76,5.55,0.55,0.00,3.00,2.00,Ret(0.6) Vol(0.0) SMA(3.0) Volatility(2.0)
2023-05-17,1113.53,14.87,1073.83,3.00,0.00,0.00,3.00,0.00,Ret(0.0) Vol(0.0) SMA(3.0) Volatility(0.0)
2023-05-18,1111.14,15.13,1074.65,5.23,0.23,0.00,3.00,2.00,Ret(0.2) Vol(0.0) SMA(3.0) Volatility(2.0)
2023-05-19,1114.74,14.49,1075.71,3.00,0.00,0.00,3.00,0.00,Ret(0.0) Vol(0.0) SMA(3.0) Volatility(0.0)
2023-05-22,1120.70,14.76,1076.35,5.22,0.22,0.00,3.00,2.00,Ret(0.2) Vol(0.0) SMA(3.0) Volatility(2.0)
2023-05-23,1120.49,14.26,1076.77,3.00,0.00,0.00,3.00,0.00,Ret(0.0) Vol(0.0) SMA(3.0) Volatility(0.0)
2023-05-24,1113.97,14.00,1076.97,3.00,0.00,0.00,3.00,0.00,Ret(0.0) Vol(0.0) SMA(3.0) Volatility(0.0)
2023-05-25,1113.83,14.25,1077.71,3.00,0.00,0.00,3.00,0.00,Ret(0.0) Vol(0.0) SMA(3.0) Volatility(0.0)
2023-05-26,1144.21,15.14,1079.39,5.72,0.42,0.29,3.00,2.00,Ret(0.4) Vol(0.3) SMA(3.0) Volatility(2.0)
2023-05-29,1150.65,15.14,1081.54,6.20,0.58,0.62,3.00,2.00,Ret(0.6) Vol(0.6) SMA(3.0) Volatility(2.0)
2023-05-30,1150.35,15.24,1083.77,5.49,0.49,0.00,3.00,2.00,Ret(0.5) Vol(0.0) SMA(3.0) Volatility(2.0)
2023-05-31,1127.50,16.08,1085.90,5.55,0.26,0.29,3.00,2.00,Ret(0.3) Vol(0.3) SMA(3.0) Volatility(2.0)
2023-06-01,1124.47,15.95,1088.07,8.39,0.39,3.00,3.00,2.00,Ret(0.4) Vol(3.0) SMA(3.0) Volatility(2.0)
2023-06-02,1120.79,15.97,1090.18,6.58,0.35,1.23,3.00,2.00,Ret(0.3) Vol(1.2) SMA(3.0) Volatility(2.0)
2023-06-05,1130.86,15.29,1092.70,7.11,0.58,1.53,3.00,2.00,Ret(0.6) Vol(1.5) SMA(3.0) Volatility(2.0)
2023-06-06,1131.81,14.95,1094.62,5.52,0.40,0.13,3.00,2.00,Ret(0.4) Vol(0.1) SMA(3.0) Volatility(2.0)
2023-06-07,1140.40,14.87,1096.64,5.71,0.71,0.00,3.00,2.00,Ret(0.7) Vol(0.0) SMA(3.0) Volatility(2.0)
2023-06-08,1141.08,14.83,1098.94,6.02,0.97,0.04,3.00,2.00,Ret(1.0) Vol(0.0) SMA(3.0) Volatility(2.0)
2023-06-09,1133.00,14.73,1101.48,6.25,0.69,0.56,3.00,2.00,Ret(0.7) Vol(0.6) SMA(3.0) Volatility(2.0)
2023-06-12,1134.01,14.98,1103.74,3.00,0.00,0.00,3.00,0.00,Ret(0.0) Vol(0.0) SMA(3.0) Volatility(0.0)
2023-06-13,1150.76,15.26,1106.23,5.00,0.00,0.00,3.00,2.00,Ret(0.0) Vol(0.0) SMA(3.0) Volatility(2.0)
2023-06-14,1164.91,15.43,1109.12,6.17,0.51,0.67,3.00,2.00,Ret(0.5) Vol(0.7) SMA(3.0) Volatility(2.0)
2023-06-15,1165.23,14.06,1111.14,7.67,1.34,1.33,3.00,2.00,Ret(1.3) Vol(1.3) SMA(3.0) Volatility(2.0)
2023-06-16,1176.57,14.27,1113.39,7.71,1.85,0.85,3.00,2.00,Ret(1.9) Vol(0.9) SMA(3.0) Volatility(2.0)
2023-06-19,1164.89,14.85,1115.45,9.57,1.57,3.00,3.00,2.00,Ret(1.6) Vol(3.0) SMA(3.0) Volatility(2.0)
2023-06-20,1167.31,13.88,1117.42,6.29,1.29,0.00,3.00,2.00,Ret(1.3) Vol(0.0) SMA(3.0) Volatility(2.0)
2023-06-21,1170.59,13.71,1119.61,6.37,1.37,0.00,3.00,2.00,Ret(1.4) Vol(0.0) SMA(3.0) Volatility(2.0)
2023-06-22,1157.45,14.02,1121.43,5.60,0.60,0.00,3.00,2.00,Ret(0.6) Vol(0.0) SMA(3.0) Volatility(2.0)
2023-06-23,1147.97,13.85,1122.96,5.24,0.24,0.00,3.00,2.00,Ret(0.2) Vol(0.0) SMA(3.0) Volatility(2.0)
2023-06-26,1139.21,13.89,1124.24,5.22,0.22,0.00,3.00,2.00,Ret(0.2) Vol(0.0) SMA(3.0) Volatility(2.0)
2023-06-27,1139.62,13.74,1125.42,6.42,0.20,1.22,3.00,2.00,Ret(0.2) Vol(1.2) SMA(3.0) Volatility(2.0)
2023-06-28,1154.71,14.25,1127.14,5.38,0.14,0.24,3.00,2.00,Ret(0.1) Vol(0.2) SMA(3.0) Volatility(2.0)
2023-06-30,1164.18,14.14,1128.95,3.62,0.00,0.62,3.00,0.00,Ret(0.0) Vol(0.6) SMA(3.0) Volatility(0.0)
2023-07-03,1194.06,15.69,1131.42,6.39,0.99,0.40,3.00,2.00,Ret(1.0) Vol(0.4) SMA(3.0) Volatility(2.0)
2023-07-04,1181.76,16.09,1133.61,5.76,0.18,0.59,3.00,2.00,Ret(0.2) Vol(0.6) SMA(3.0) Volatility(2.0)
2023-07-05,1179.82,15.93,1135.67,5.51,0.51,0.00,3.00,2.00,Ret(0.5) Vol(0.0) SMA(3.0) Volatility(2.0)
2023-07-06,1204.58,17.28,1138.07,6.28,1.28,0.00,3.00,2.00,Ret(1.3) Vol(0.0) SMA(3.0) Volatility(2.0)
2023-07-07,1202.23,17.51,1140.55,8.66,1.08,2.58,3.00,2.00,Ret(1.1) Vol(2.6) SMA(3.0) Volatility(2.0)
2023-07-10,1248.54,20.16,1143.82,8.96,3.15,0.90,3.00,1.91,Ret(3.1) Vol(0.9) SMA(3.0) Volatility(1.9)
2023-07-11,1262.08,20.35,1146.96,11.89,3.98,3.00,3.00,1.91,Ret(4.0) Vol(3.0) SMA(3.0) Volatility(1.9)
2023-07-12,1263.47,20.95,1149.94,11.49,4.00,2.62,3.00,1.87,Ret(4.0) Vol(2.6) SMA(3.0) Volatility(1.9)
2023-07-13,1252.17,21.62,1152.89,10.86,3.95,2.10,3.00,1.82,Ret(4.0) Vol(2.1) SMA(3.0) Volatility(1.8)
2023-07-14,1251.12,22.02,1155.56,9.06,3.34,0.93,3.00,1.79,Ret(3.3) Vol(0.9) SMA(3.0) Volatility(1.8)
2023-07-17,1276.68,23.99,1158.81,9.58,3.87,1.02,3.00,1.70,Ret(3.9) Vol(1.0) SMA(3.0) Volatility(1.7)
2023-07-18,1287.53,24.69,1161.99,10.67,3.13,2.87,3.00,1.67,Ret(3.1) Vol(2.9) SMA(3.0) Volatility(1.7)
2023-07-19,1297.29,25.27,1165.30,11.55,3.91,3.00,3.00,1.64,Ret(3.9) Vol(3.0) SMA(3.0) Volatility(1.6)
2023-07-20,1295.72,26.18,1168.42,11.51,3.93,3.00,3.00,1.58,Ret(3.9) Vol(3.0) SMA(3.0) Volatility(1.6)
2023-07-21,1255.61,27.24,1170.88,9.16,1.69,3.00,3.00,1.46,Ret(1.7) Vol(3.0) SMA(3.0) Volatility(1.5)
2023-07-24,1230.22,28.01,1172.81,8.31,0.93,3.00,3.00,1.38,Ret(0.9) Vol(3.0) SMA(3.0) Volatility(1.4)
2023-07-25,1229.43,27.82,1174.67,5.88,0.00,2.88,3.00,0.00,Ret(0.0) Vol(2.9) SMA(3.0) Volatility(0.0)
2023-07-26,1249.41,27.78,1177.25,3.00,0.00,0.00,3.00,0.00,Ret(0.0) Vol(0.0) SMA(3.0) Volatility(0.0)
2023-07-27,1237.78,28.24,1179.74,3.12,0.00,0.12,3.00,0.00,Ret(0.0) Vol(0.1) SMA(3.0) Volatility(0.0)
2023-07-28,1250.22,25.75,1182.52,4.17,0.00,1.17,3.00,0.00,Ret(0.0) Vol(1.2) SMA(3.0) Volatility(0.0)
2023-07-31,1260.81,25.88,1185.44,6.91,0.31,2.04,3.00,1.56,Ret(0.3) Vol(2.0) SMA(3.0) Volatility(1.6)
2023-08-01,1242.98,26.46,1187.89,3.00,0.00,0.00,3.00,0.00,Ret(0.0) Vol(0.0) SMA(3.0) Volatility(0.0)
2023-08-02,1229.70,26.20,1190.07,3.00,0.00,0.00,3.00,0.00,Ret(0.0) Vol(0.0) SMA(3.0) Volatility(0.0)
2023-08-03,1224.53,26.54,1192.28,3.08,0.00,0.08,3.00,0.00,Ret(0.0) Vol(0.1) SMA(3.0) Volatility(0.0)
2023-08-04,1241.17,25.27,1194.83,3.00,0.00,0.00,3.00,0.00,Ret(0.0) Vol(0.0) SMA(3.0) Volatility(0.0)
2023-08-07,1248.24,24.65,1196.91,5.41,0.00,2.41,3.00,0.00,Ret(0.0) Vol(2.4) SMA(3.0) Volatility(0.0)
2023-08-08,1240.73,23.96,1198.71,5.00,0.34,0.00,3.00,1.66,Ret(0.3) Vol(0.0) SMA(3.0) Volatility(1.7)
2023-08-09,1248.91,23.85,1200.68,5.31,0.63,0.00,3.00,1.67,Ret(0.6) Vol(0.0) SMA(3.0) Volatility(1.7)
2023-08-10,1254.48,21.92,1203.22,4.96,0.16,0.00,3.00,1.80,Ret(0.2) Vol(0.0) SMA(3.0) Volatility(1.8)
2023-08-11,1259.77,21.11,1205.93,6.23,0.71,0.66,3.00,1.86,Ret(0.7) Vol(0.7) SMA(3.0) Volatility(1.9)
2023-08-14,1274.65,22.24,1209.00,7.77,0.78,2.19,3.00,1.80,Ret(0.8) Vol(2.2) SMA(3.0) Volatility(1.8)
2023-08-16,1273.62,21.18,1211.86,5.28,0.41,0.00,3.00,1.87,Ret(0.4) Vol(0.0) SMA(3.0) Volatility(1.9)
2023-08-17,1255.24,21.10,1214.33,5.25,0.39,0.00,3.00,1.85,Ret(0.4) Vol(0.0) SMA(3.0) Volatility(1.9)
2023-08-18,1264.54,22.05,1216.81,6.14,1.13,0.20,3.00,1.81,Ret(1.1) Vol(0.2) SMA(3.0) Volatility(1.8)
2023-08-21,1250.74,22.19,1219.00,6.89,0.86,1.25,3.00,1.78,Ret(0.9) Vol(1.3) SMA(3.0) Volatility(1.8)
2023-08-22,1250.44,21.67,1221.35,5.11,0.30,0.00,3.00,1.81,Ret(0.3) Vol(0.0) SMA(3.0) Volatility(1.8)
2023-08-23,1251.83,20.84,1223.71,4.98,0.12,0.00,3.00,1.87,Ret(0.1) Vol(0.0) SMA(3.0) Volatility(1.9)
2023-08-24,1230.79,21.77,1225.31,3.00,0.00,0.00,3.00,0.00,Ret(0.0) Vol(0.0) SMA(3.0) Volatility(0.0)
2023-08-25,1225.11,22.41,1226.51,0.14,0.00,0.14,0.00,0.00,Ret(0.0) Vol(0.1) SMA(0.0) Volatility(0.0)
2023-08-28,1212.90,23.46,1227.47,1.79,0.00,1.79,0.00,0.00,Ret(0.0) Vol(1.8) SMA(0.0) Volatility(0.0)
2023-08-29,1201.28,23.83,1227.96,0.00,0.00,0.00,0.00,0.00,Ret(0.0) Vol(0.0) SMA(0.0) Volatility(0.0)
2023-08-30,1200.14,23.13,1228.67,0.51,0.00,0.51,0.00,0.00,Ret(0.0) Vol(0.5) SMA(0.0) Volatility(0.0)
2023-08-31,1194.66,22.56,1229.21,0.00,0.00,0.00,0.00,0.00,Ret(0.0) Vol(0.0) SMA(0.0) Volatility(0.0)
2023-09-01,1197.46,21.77,1229.75,1.36,0.00,1.36,0.00,0.00,Ret(0.0) Vol(1.4) SMA(0.0) Volatility(0.0)
2023-09-04,1196.49,20.39,1230.53,0.65,0.00,0.65,0.00,0.00,Ret(0.0) Vol(0.6) SMA(0.0) Volatility(0.0)
2023-09-05,1202.90,20.09,1231.63,0.00,0.00,0.00,0.00,0.00,Ret(0.0) Vol(0.0) SMA(0.0) Volatility(0.0)
2023-09-06,1205.43,19.16,1232.96,0.00,0.00,0.00,0.00,0.00,Ret(0.0) Vol(0.0) SMA(0.0) Volatility(0.0)
2023-09-07,1207.07,17.69,1234.30,0.00,0.00,0.00,0.00,0.00,Ret(0.0) Vol(0.0) SMA(0.0) Volatility(0.0)
2023-09-08,1215.11,17.45,1235.51,0.00,0.00,0.00,0.00,0.00,Ret(0.0) Vol(0.0) SMA(0.0) Volatility(0.0)
2023-09-11,1228.21,17.09,1236.79,4.18,0.10,2.07,0.00,2.00,Ret(0.1) Vol(2.1) SMA(0.0) Volatility(2.0)
2023-09-12,1210.47,17.84,1237.12,0.00,0.00,0.00,0.00,0.00,Ret(0.0) Vol(0.0) SMA(0.0) Volatility(0.0)
2023-09-13,1216.52,16.68,1237.82,3.13,0.51,0.62,0.00,2.00,Ret(0.5) Vol(0.6) SMA(0.0) Volatility(2.0)
2023-09-14,1217.64,15.21,1238.57,2.58,0.58,0.00,0.00,2.00,Ret(0.6) Vol(0.0) SMA(0.0) Volatility(2.0)
2023-09-15,1219.90,13.99,1238.88,2.85,0.85,0.00,0.00,2.00,Ret(0.8) Vol(0.0) SMA(0.0) Volatility(2.0)
2023-09-18,1209.27,13.30,1239.02,5.34,0.39,2.94,0.00,2.00,Ret(0.4) Vol(2.9) SMA(0.0) Volatility(2.0)
2023-09-20,1182.32,15.19,1237.70,0.00,0.00,0.00,0.00,0.00,Ret(0.0) Vol(0.0) SMA(0.0) Volatility(0.0)
2023-09-21,1173.71,15.37,1235.93,3.00,0.00,3.00,0.00,0.00,Ret(0.0) Vol(3.0) SMA(0.0) Volatility(0.0)
2023-09-22,1168.82,15.67,1234.04,0.00,0.00,0.00,0.00,0.00,Ret(0.0) Vol(0.0) SMA(0.0) Volatility(0.0)
2023-09-25,1161.63,15.93,1232.22,1.50,0.00,1.50,0.00,0.00,Ret(0.0) Vol(1.5) SMA(0.0) Volatility(0.0)
2023-09-26,1162.64,15.62,1230.46,0.35,0.00,0.35,0.00,0.00,Ret(0.0) Vol(0.3) SMA(0.0) Volatility(0.0)
2023-09-27,1175.75,16.13,1228.44,0.00,0.00,0.00,0.00,0.00,Ret(0.0) Vol(0.0) SMA(0.0) Volatility(0.0)
2023-09-28,1158.48,17.22,1225.86,0.00,0.00,0.00,0.00,0.00,Ret(0.0) Vol(0.0) SMA(0.0) Volatility(0.0)
2023-09-29,1163.89,17.29,1223.19,0.41,0.00,0.41,0.00,0.00,Ret(0.0) Vol(0.4) SMA(0.0) Volatility(0.0)
2023-10-03,1150.56,17.30,1220.28,0.00,0.00,0.00,0.00,0.00,Ret(0.0) Vol(0.0) SMA(0.0) Volatility(0.0)
2023-10-04,1148.57,16.48,1218.14,0.00,0.00,0.00,0.00,0.00,Ret(0.0) Vol(0.0) SMA(0.0) Volatility(0.0)
2023-10-05,1148.55,15.91,1216.51,0.00,0.00,0.00,0.00,0.00,Ret(0.0) Vol(0.0) SMA(0.0) Volatility(0.0)
2023-10-06,1150.48,15.63,1214.93,0.00,0.00,0.00,0.00,0.00,Ret(0.0) Vol(0.0) SMA(0.0) Volatility(0.0)
2023-10-09,1140.68,15.79,1212.76,0.00,0.00,0.00,0.00,0.00,Ret(0.0) Vol(0.0) SMA(0.0) Volatility(0.0)
2023-10-10,1145.72,15.57,1210.92,0.00,0.00,0.00,0.00,0.00,Ret(0.0) Vol(0.0) SMA(0.0) Volatility(0.0)
2023-10-11,1163.91,14.15,1209.19,2.08,0.08,0.00,0.00,2.00,Ret(0.1) Vol(0.0) SMA(0.0) Volatility(2.0)
2023-10-12,1166.07,13.83,1207.29,2.12,0.12,0.00,0.00,2.00,Ret(0.1) Vol(0.0) SMA(0.0) Volatility(2.0)
2023-10-13,1166.02,13.69,1205.75,0.07,0.00,0.07,0.00,0.00,Ret(0.0) Vol(0.1) SMA(0.0) Volatility(0.0)
2023-10-16,1163.41,13.44,1204.43,2.17,0.17,0.00,0.00,2.00,Ret(0.2) Vol(0.0) SMA(0.0) Volatility(2.0)
2023-10-17,1168.97,13.57,1203.32,2.17,0.17,0.00,0.00,2.00,Ret(0.2) Vol(0.0) SMA(0.0) Volatility(2.0)
2023-10-18,1153.46,14.02,1201.56,2.10,0.10,0.00,0.00,2.00,Ret(0.1) Vol(0.0) SMA(0.0) Volatility(2.0)
2023-10-19,1144.60,12.78,1199.49,0.00,0.00,0.00,0.00,0.00,Ret(0.0) Vol(0.0) SMA(0.0) Volatility(0.0)
2023-10-20,1141.10,12.19,1197.50,0.00,0.00,0.00,0.00,0.00,Ret(0.0) Vol(0.0) SMA(0.0) Volatility(0.0)
2023-10-23,1123.29,12.97,1194.99,0.00,0.00,0.00,0.00,0.00,Ret(0.0) Vol(0.0) SMA(0.0) Volatility(0.0)
2023-10-25,1120.68,13.48,1192.31,0.00,0.00,0.00,0.00,0.00,Ret(0.0) Vol(0.0) SMA(0.0) Volatility(0.0)
2023-10-26,1105.07,14.09,1189.22,0.00,0.00,0.00,0.00,0.00,Ret(0.0) Vol(0.0) SMA(0.0) Volatility(0.0)
2023-10-27,1124.58,15.31,1186.21,0.91,0.00,0.91,0.00,0.00,Ret(0.0) Vol(0.9) SMA(0.0) Volatility(0.0)
2023-10-30,1147.76,16.59,1183.70,0.03,0.00,0.03,0.00,0.00,Ret(0.0) Vol(0.0) SMA(0.0) Volatility(0.0)
2023-10-31,1135.55,17.49,1181.30,1.32,0.00,1.32,0.00,0.00,Ret(0.0) Vol(1.3) SMA(0.0) Volatility(0.0)
2023-11-01,1140.26,17.53,1178.82,0.29,0.00,0.29,0.00,0.00,Ret(0.0) Vol(0.3) SMA(0.0) Volatility(0.0)
2023-11-02,1151.58,17.73,1176.83,0.00,0.00,0.00,0.00,0.00,Ret(0.0) Vol(0.0) SMA(0.0) Volatility(0.0)
2023-11-03,1151.33,17.41,1174.85,0.00,0.00,0.00,0.00,0.00,Ret(0.0) Vol(0.0) SMA(0.0) Volatility(0.0)
2023-11-06,1160.91,17.47,1173.03,2.57,0.57,0.00,0.00,2.00,Ret(0.6) Vol(0.0) SMA(0.0) Volatility(2.0)
2023-11-07,1153.36,17.51,1171.49,2.42,0.43,0.00,0.00,1.99,Ret(0.4) Vol(0.0) SMA(0.0) Volatility(2.0)
2023-11-08,1159.37,16.56,1170.17,3.28,1.28,0.00,0.00,2.00,Ret(1.3) Vol(0.0) SMA(0.0) Volatility(2.0)
2023-11-09,1146.79,16.87,1168.85,2.93,0.93,0.00,0.00,2.00,Ret(0.9) Vol(0.0) SMA(0.0) Volatility(2.0)
2023-11-10,1148.95,16.86,1167.80,4.69,1.59,1.11,0.00,2.00,Ret(1.6) Vol(1.1) SMA(0.0) Volatility(2.0)
2023-11-13,1148.80,15.51,1166.77,2.86,0.86,0.00,0.00,2.00,Ret(0.9) Vol(0.0) SMA(0.0) Volatility(2.0)
2023-11-15,1169.57,15.84,1166.27,5.76,0.76,0.00,3.00,2.00,Ret(0.8) Vol(0.0) SMA(3.0) Volatility(2.0)
2023-11-16,1171.68,15.47,1165.76,6.79,1.27,0.51,3.00,2.00,Ret(1.3) Vol(0.5) SMA(3.0) Volatility(2.0)
2023-11-17,1169.12,14.55,1165.21,6.79,1.01,0.78,3.00,2.00,Ret(1.0) Vol(0.8) SMA(3.0) Volatility(2.0)
2023-11-20,1166.04,13.23,1164.47,5.50,0.50,0.00,3.00,2.00,Ret(0.5) Vol(0.0) SMA(3.0) Volatility(2.0)
2023-11-21,1180.71,13.00,1163.98,6.02,1.02,0.00,3.00,2.00,Ret(1.0) Vol(0.0) SMA(3.0) Volatility(2.0)
2023-11-22,1185.33,12.29,1163.54,5.84,0.84,0.00,3.00,2.00,Ret(0.8) Vol(0.0) SMA(3.0) Volatility(2.0)
2023-11-23,1188.95,11.76,1163.02,6.23,1.23,0.00,3.00,2.00,Ret(1.2) Vol(0.0) SMA(3.0) Volatility(2.0)
2023-11-24,1188.16,11.49,1162.22,5.99,0.99,0.00,3.00,2.00,Ret(1.0) Vol(0.0) SMA(3.0) Volatility(2.0)
2023-11-28,1188.40,11.63,1161.78,6.45,1.45,0.00,3.00,2.00,Ret(1.5) Vol(0.0) SMA(3.0) Volatility(2.0)
2023-11-29,1191.53,11.56,1161.28,7.63,1.48,1.15,3.00,2.00,Ret(1.5) Vol(1.1) SMA(3.0) Volatility(2.0)
2023-11-30,1179.99,11.97,1160.53,6.85,1.09,0.77,3.00,2.00,Ret(1.1) Vol(0.8) SMA(3.0) Volatility(2.0)
2023-12-01,1188.35,11.52,1159.89,8.64,0.64,3.00,3.00,2.00,Ret(0.6) Vol(3.0) SMA(3.0) Volatility(2.0)
2023-12-04,1201.21,12.85,1159.73,7.23,1.01,1.22,3.00,2.00,Ret(1.0) Vol(1.2) SMA(3.0) Volatility(2.0)
2023-12-05,1209.92,13.12,1160.29,7.98,1.40,1.59,3.00,2.00,Ret(1.4) Vol(1.6) SMA(3.0) Volatility(2.0)
2023-12-06,1221.51,12.79,1161.24,7.64,1.90,0.74,3.00,2.00,Ret(1.9) Vol(0.7) SMA(3.0) Volatility(2.0)
2023-12-07,1219.50,12.50,1162.25,8.11,1.31,1.80,3.00,2.00,Ret(1.3) Vol(1.8) SMA(3.0) Volatility(2.0)
2023-12-08,1218.85,12.87,1163.40,6.13,1.13,0.00,3.00,2.00,Ret(1.1) Vol(0.0) SMA(3.0) Volatility(2.0)
2023-12-11,1220.64,12.63,1164.56,6.07,1.07,0.00,3.00,2.00,Ret(1.1) Vol(0.0) SMA(3.0) Volatility(2.0)
2023-12-12,1203.12,12.85,1165.11,5.50,0.50,0.00,3.00,2.00,Ret(0.5) Vol(0.0) SMA(3.0) Volatility(2.0)
2023-12-13,1208.03,13.20,1166.10,5.66,0.66,0.00,3.00,2.00,Ret(0.7) Vol(0.0) SMA(3.0) Volatility(2.0)
2023-12-14,1223.02,14.23,1167.28,6.06,1.06,0.00,3.00,2.00,Ret(1.1) Vol(0.0) SMA(3.0) Volatility(2.0)
2023-12-15,1238.63,15.09,1169.04,8.95,1.99,1.96,3.00,2.00,Ret(2.0) Vol(2.0) SMA(3.0) Volatility(2.0)
2023-12-18,1251.24,15.78,1171.10,8.70,2.12,1.58,3.00,2.00,Ret(2.1) Vol(1.6) SMA(3.0) Volatility(2.0)
2023-12-19,1269.65,17.04,1173.52,8.29,2.28,1.01,3.00,2.00,Ret(2.3) Vol(1.0) SMA(3.0) Volatility(2.0)
2023-12-20,1254.29,18.74,1175.59,8.23,1.47,1.76,3.00,2.00,Ret(1.5) Vol(1.8) SMA(3.0) Volatility(2.0)
2023-12-21,1271.86,20.03,1178.22,8.37,1.65,1.78,3.00,1.94,Ret(1.6) Vol(1.8) SMA(3.0) Volatility(1.9)
2023-12-22,1273.10,19.23,1180.76,7.28,1.76,0.53,3.00,1.99,Ret(1.8) Vol(0.5) SMA(3.0) Volatility(2.0)
2023-12-26,1279.55,19.54,1183.08,8.11,1.99,1.14,3.00,1.98,Ret(2.0) Vol(1.1) SMA(3.0) Volatility(2.0)
2023-12-27,1283.92,19.14,1185.43,7.07,2.07,0.00,3.00,2.00,Ret(2.1) Vol(0.0) SMA(3.0) Volatility(2.0)
2023-12-28,1293.20,19.36,1187.98,7.99,2.99,0.00,3.00,2.00,Ret(3.0) Vol(0.0) SMA(3.0) Volatility(2.0)
2023-12-29,1282.98,19.46,1190.37,7.95,2.48,0.48,3.00,1.99,Ret(2.5) Vol(0.5) SMA(3.0) Volatility(2.0)
2024-01-01,1285.61,20.12,1192.70,7.07,2.05,0.07,3.00,1.95,Ret(2.0) Vol(0.1) SMA(3.0) Volatility(1.9)
2024-01-02,1296.26,20.02,1195.56,6.83,1.86,0.00,3.00,1.96,Ret(1.9) Vol(0.0) SMA(3.0) Volatility(2.0)
2024-01-03,1282.16,20.90,1198.31,5.88,0.99,0.00,3.00,1.90,Ret(1.0) Vol(0.0) SMA(3.0) Volatility(1.9)
2024-01-04,1288.79,20.53,1201.26,5.53,0.60,0.00,3.00,1.93,Ret(0.6) Vol(0.0) SMA(3.0) Volatility(1.9)
2024-01-05,1294.27,20.09,1204.68,6.23,1.27,0.00,3.00,1.96,Ret(1.3) Vol(0.0) SMA(3.0) Volatility(2.0)
2024-01-08,1284.17,20.76,1207.95,5.29,0.39,0.00,3.00,1.91,Ret(0.4) Vol(0.0) SMA(3.0) Volatility(1.9)
2024-01-09,1280.77,19.93,1211.47,5.20,0.24,0.00,3.00,1.95,Ret(0.2) Vol(0.0) SMA(3.0) Volatility(2.0)
2024-01-10,1315.31,20.12,1215.28,6.09,1.12,0.00,3.00,1.98,Ret(1.1) Vol(0.0) SMA(3.0) Volatility(2.0)
2024-01-11,1349.91,20.81,1219.32,7.31,2.06,0.29,3.00,1.97,Ret(2.1) Vol(0.3) SMA(3.0) Volatility(2.0)
2024-01-12,1360.65,21.59,1223.83,10.02,2.09,3.00,3.00,1.93,Ret(2.1) Vol(3.0) SMA(3.0) Volatility(1.9)
2024-01-15,1383.88,22.71,1228.70,9.31,3.15,1.28,3.00,1.89,Ret(3.1) Vol(1.3) SMA(3.0) Volatility(1.9)
2024-01-16,1364.53,23.59,1232.96,7.27,2.46,0.00,3.00,1.82,Ret(2.5) Vol(0.0) SMA(3.0) Volatility(1.8)
2024-01-17,1351.57,24.91,1236.96,6.43,1.71,0.00,3.00,1.73,Ret(1.7) Vol(0.0) SMA(3.0) Volatility(1.7)
2024-01-18,1357.90,25.08,1240.90,7.56,2.36,0.47,3.00,1.72,Ret(2.4) Vol(0.5) SMA(3.0) Volatility(1.7)
2024-01-19,1357.40,25.09,1244.98,6.85,2.13,0.00,3.00,1.72,Ret(2.1) Vol(0.0) SMA(3.0) Volatility(1.7)
2024-01-23,1318.81,27.09,1248.17,5.31,0.76,0.00,3.00,1.56,Ret(0.8) Vol(0.0) SMA(3.0) Volatility(1.6)
2024-01-24,1334.00,26.89,1251.92,8.62,1.55,2.48,3.00,1.59,Ret(1.6) Vol(2.5) SMA(3.0) Volatility(1.6)
2024-01-25,1343.13,27.86,1255.80,9.13,1.95,2.64,3.00,1.54,Ret(1.9) Vol(2.6) SMA(3.0) Volatility(1.5)
2024-01-29,1437.41,34.08,1261.57,8.11,3.71,0.09,3.00,1.30,Ret(3.7) Vol(0.1) SMA(3.0) Volatility(1.3)
2024-01-30,1397.28,35.79,1266.13,8.55,1.40,3.00,3.00,1.15,Ret(1.4) Vol(3.0) SMA(3.0) Volatility(1.2)
2024-01-31,1416.14,36.99,1271.02,6.43,1.63,0.69,3.00,1.11,Ret(1.6) Vol(0.7) SMA(3.0) Volatility(1.1)
2024-02-01,1416.17,35.81,1275.96,6.07,0.93,0.96,3.00,1.18,Ret(0.9) Vol(1.0) SMA(3.0) Volatility(1.2)
2024-02-02,1446.99,36.57,1281.58,7.09,2.42,0.50,3.00,1.18,Ret(2.4) Vol(0.5) SMA(3.0) Volatility(1.2)
2024-02-05,1428.45,37.38,1286.53,8.53,2.28,2.15,3.00,1.11,Ret(2.3) Vol(2.1) SMA(3.0) Volatility(1.1)
2024-02-06,1417.31,36.78,1291.17,5.87,1.75,0.00,3.00,1.12,Ret(1.8) Vol(0.0) SMA(3.0) Volatility(1.1)
2024-02-07,1431.55,36.49,1296.02,6.35,2.19,0.00,3.00,1.16,Ret(2.2) Vol(0.0) SMA(3.0) Volatility(1.2)
2024-02-08,1439.47,36.54,1301.05,7.83,3.66,0.00,3.00,1.17,Ret(3.7) Vol(0.0) SMA(3.0) Volatility(1.2)
2024-02-09,1450.02,36.69,1306.28,8.50,3.48,0.85,3.00,1.18,Ret(3.5) Vol(0.8) SMA(3.0) Volatility(1.2)
2024-02-12,1441.68,36.81,1311.28,7.23,2.93,0.14,3.00,1.16,Ret(2.9) Vol(0.1) SMA(3.0) Volatility(1.2)
2024-02-13,1454.34,35.21,1316.77,4.73,0.47,0.00,3.00,1.26,Ret(0.5) Vol(0.0) SMA(3.0) Volatility(1.3)
2024-02-14,1470.49,35.25,1322.41,6.38,2.10,0.00,3.00,1.28,Ret(2.1) Vol(0.0) SMA(3.0) Volatility(1.3)
2024-02-15,1459.80,34.49,1327.59,5.54,1.23,0.00,3.00,1.31,Ret(1.2) Vol(0.0) SMA(3.0) Volatility(1.3)
2024-02-16,1449.84,28.75,1332.38,5.56,0.95,0.00,3.00,1.61,Ret(1.0) Vol(0.0) SMA(3.0) Volatility(1.6)
2024-02-19,1463.17,26.65,1337.22,5.19,0.45,0.00,3.00,1.74,Ret(0.4) Vol(0.0) SMA(3.0) Volatility(1.7)
2024-02-20,1460.22,25.37,1342.03,5.70,0.89,0.00,3.00,1.81,Ret(0.9) Vol(0.0) SMA(3.0) Volatility(1.8)
2024-02-21,1456.92,25.77,1346.79,5.90,1.12,0.00,3.00,1.78,Ret(1.1) Vol(0.0) SMA(3.0) Volatility(1.8)
2024-02-22,1470.86,24.26,1351.80,6.84,1.10,0.86,3.00,1.88,Ret(1.1) Vol(0.9) SMA(3.0) Volatility(1.9)
2024-02-23,1482.65,22.62,1357.39,8.65,1.20,2.47,3.00,1.98,Ret(1.2) Vol(2.5) SMA(3.0) Volatility(2.0)
2024-02-26,1476.40,21.91,1362.76,6.91,0.73,1.18,3.00,2.00,Ret(0.7) Vol(1.2) SMA(3.0) Volatility(2.0)
2024-02-27,1474.73,21.93,1367.79,5.92,0.92,0.00,3.00,2.00,Ret(0.9) Vol(0.0) SMA(3.0) Volatility(2.0)
2024-02-28,1444.93,22.57,1371.92,3.20,0.00,0.20,3.00,0.00,Ret(0.0) Vol(0.2) SMA(3.0) Volatility(0.0)
2024-02-29,1450.07,22.76,1375.89,3.00,0.00,0.00,3.00,0.00,Ret(0.0) Vol(0.0) SMA(3.0) Volatility(0.0)
2024-03-01,1481.16,24.22,1380.12,8.48,0.59,3.00,3.00,1.89,Ret(0.6) Vol(3.0) SMA(3.0) Volatility(1.9)
2024-03-04,1496.33,24.11,1384.96,6.62,1.28,0.43,3.00,1.91,Ret(1.3) Vol(0.4) SMA(3.0) Volatility(1.9)
2024-03-05,1489.18,23.77,1389.31,5.63,0.71,0.00,3.00,1.92,Ret(0.7) Vol(0.0) SMA(3.0) Volatility(1.9)
2024-03-06,1491.96,24.65,1393.69,5.75,0.87,0.00,3.00,1.88,Ret(0.9) Vol(0.0) SMA(3.0) Volatility(1.9)
2024-03-07,1468.06,25.29,1397.46,5.13,0.31,0.00,3.00,1.82,Ret(0.3) Vol(0.0) SMA(3.0) Volatility(1.8)
2024-03-11,1455.82,25.26,1400.89,3.00,0.00,0.00,3.00,0.00,Ret(0.0) Vol(0.0) SMA(3.0) Volatility(0.0)
2024-03-12,1464.59,25.92,1404.32,3.18,0.00,0.18,3.00,0.00,Ret(0.0) Vol(0.2) SMA(3.0) Volatility(0.0)
2024-03-13,1421.65,27.64,1407.10,3.00,0.00,0.00,3.00,0.00,Ret(0.0) Vol(0.0) SMA(3.0) Volatility(0.0)
2024-03-14,1420.96,27.36,1409.80,3.92,0.00,0.92,3.00,0.00,Ret(0.0) Vol(0.9) SMA(3.0) Volatility(0.0)
2024-03-15,1407.81,27.68,1412.03,2.24,0.00,2.24,0.00,0.00,Ret(0.0) Vol(2.2) SMA(0.0) Volatility(0.0)
2024-03-18,1428.90,28.62,1414.97,5.22,0.00,2.22,3.00,0.00,Ret(0.0) Vol(2.2) SMA(3.0) Volatility(0.0)
2024-03-19,1414.78,28.64,1417.49,0.00,0.00,0.00,0.00,0.00,Ret(0.0) Vol(0.0) SMA(0.0) Volatility(0.0)
2024-03-20,1433.14,27.21,1420.27,3.00,0.00,0.00,3.00,0.00,Ret(0.0) Vol(0.0) SMA(3.0) Volatility(0.0)
2024-03-21,1440.31,26.48,1423.39,3.00,0.00,0.00,3.00,0.00,Ret(0.0) Vol(0.0) SMA(3.0) Volatility(0.0)
2024-03-22,1444.33,24.60,1426.66,3.74,0.00,0.74,3.00,0.00,Ret(0.0) Vol(0.7) SMA(3.0) Volatility(0.0)
2024-03-26,1430.98,23.95,1428.97,5.62,0.00,2.62,3.00,0.00,Ret(0.0) Vol(2.6) SMA(3.0) Volatility(0.0)
2024-03-27,1481.88,26.58,1431.61,5.77,0.72,0.29,3.00,1.77,Ret(0.7) Vol(0.3) SMA(3.0) Volatility(1.8)
2024-03-28,1474.93,26.35,1433.90,6.75,0.28,1.70,3.00,1.77,Ret(0.3) Vol(1.7) SMA(3.0) Volatility(1.8)
2024-04-01,1473.87,25.21,1435.70,9.30,1.47,3.00,3.00,1.83,Ret(1.5) Vol(3.0) SMA(3.0) Volatility(1.8)
2024-04-02,1476.03,24.75,1437.93,6.41,1.55,0.00,3.00,1.86,Ret(1.6) Vol(0.0) SMA(3.0) Volatility(1.9)
2024-04-03,1460.79,24.40,1440.11,6.37,1.51,0.00,3.00,1.86,Ret(1.5) Vol(0.0) SMA(3.0) Volatility(1.9)
2024-04-04,1452.18,22.59,1442.00,5.61,0.65,0.00,3.00,1.96,Ret(0.7) Vol(0.0) SMA(3.0) Volatility(2.0)
2024-04-05,1449.37,22.00,1443.84,7.36,0.98,1.40,3.00,1.99,Ret(1.0) Vol(1.4) SMA(3.0) Volatility(2.0)
2024-04-08,1475.06,22.75,1446.96,6.14,1.17,0.00,3.00,1.97,Ret(1.2) Vol(0.0) SMA(3.0) Volatility(2.0)
2024-04-09,1452.90,22.90,1449.34,5.29,0.35,0.00,3.00,1.94,Ret(0.3) Vol(0.0) SMA(3.0) Volatility(1.9)
2024-04-10,1468.70,22.98,1451.85,5.62,0.67,0.00,3.00,1.95,Ret(0.7) Vol(0.0) SMA(3.0) Volatility(1.9)
2024-04-12,1456.37,23.15,1452.23,5.64,0.71,0.00,3.00,1.93,Ret(0.7) Vol(0.0) SMA(3.0) Volatility(1.9)
2024-04-15,1454.06,24.69,1453.37,4.86,0.00,1.86,3.00,0.00,Ret(0.0) Vol(1.9) SMA(3.0) Volatility(0.0)
2024-04-16,1454.98,25.23,1454.14,3.91,0.00,0.91,3.00,0.00,Ret(0.0) Vol(0.9) SMA(3.0) Volatility(0.0)
2024-04-18,1453.57,25.98,1454.89,0.00,0.00,0.00,0.00,0.00,Ret(0.0) Vol(0.0) SMA(0.0) Volatility(0.0)
2024-04-19,1459.32,24.03,1455.14,5.76,0.00,2.76,3.00,0.00,Ret(0.0) Vol(2.8) SMA(3.0) Volatility(0.0)
2024-04-22,1468.98,23.16,1455.95,6.69,0.22,1.53,3.00,1.94,Ret(0.2) Vol(1.5) SMA(3.0) Volatility(1.9)
2024-04-23,1448.60,25.04,1456.57,0.00,0.00,0.00,0.00,0.00,Ret(0.0) Vol(0.0) SMA(0.0) Volatility(0.0)
2024-04-24,1439.52,25.04,1456.73,0.96,0.00,0.96,0.00,0.00,Ret(0.0) Vol(1.0) SMA(0.0) Volatility(0.0)
2024-04-25,1449.25,25.64,1456.93,0.00,0.00,0.00,0.00,0.00,Ret(0.0) Vol(0.0) SMA(0.0) Volatility(0.0)
2024-04-26,1441.88,24.60,1456.77,1.49,0.00,1.49,0.00,0.00,Ret(0.0) Vol(1.5) SMA(0.0) Volatility(0.0)
2024-04-29,1454.26,24.82,1457.02,0.00,0.00,0.00,0.00,0.00,Ret(0.0) Vol(0.0) SMA(0.0) Volatility(0.0)
2024-04-30,1456.22,24.06,1457.06,0.00,0.00,0.00,0.00,0.00,Ret(0.0) Vol(0.0) SMA(0.0) Volatility(0.0)
2024-05-02,1455.78,23.06,1456.76,2.29,0.05,0.31,0.00,1.93,Ret(0.0) Vol(0.3) SMA(0.0) Volatility(1.9)
2024-05-03,1423.46,25.57,1456.03,1.01,0.00,1.01,0.00,0.00,Ret(0.0) Vol(1.0) SMA(0.0) Volatility(0.0)
2024-05-06,1409.10,25.47,1455.22,1.75,0.00,1.75,0.00,0.00,Ret(0.0) Vol(1.8) SMA(0.0) Volatility(0.0)
2024-05-07,1391.18,24.97,1453.78,0.00,0.00,0.00,0.00,0.00,Ret(0.0) Vol(0.0) SMA(0.0) Volatility(0.0)
2024-05-08,1408.13,26.05,1452.74,1.01,0.00,1.01,0.00,0.00,Ret(0.0) Vol(1.0) SMA(0.0) Volatility(0.0)
2024-05-09,1383.88,26.56,1451.28,0.00,0.00,0.00,0.00,0.00,Ret(0.0) Vol(0.0) SMA(0.0) Volatility(0.0)
2024-05-10,1397.08,25.91,1449.80,0.00,0.00,0.00,0.00,0.00,Ret(0.0) Vol(0.0) SMA(0.0) Volatility(0.0)
2024-05-13,1392.39,26.51,1448.00,0.00,0.00,0.00,0.00,0.00,Ret(0.0) Vol(0.0) SMA(0.0) Volatility(0.0)
2024-05-14,1409.64,25.74,1446.66,0.00,0.00,0.00,0.00,0.00,Ret(0.0) Vol(0.0) SMA(0.0) Volatility(0.0)
2024-05-15,1405.87,25.59,1445.28,0.00,0.00,0.00,0.00,0.00,Ret(0.0) Vol(0.0) SMA(0.0) Volatility(0.0)
2024-05-16,1414.88,25.80,1444.68,0.00,0.00,0.00,0.00,0.00,Ret(0.0) Vol(0.0) SMA(0.0) Volatility(0.0)
2024-05-17,1425.15,26.43,1444.18,1.21,0.00,1.21,0.00,0.00,Ret(0.0) Vol(1.2) SMA(0.0) Volatility(0.0)
2024-05-21,1425.57,26.32,1443.07,1.91,0.06,0.12,0.00,1.72,Ret(0.1) Vol(0.1) SMA(0.0) Volatility(1.7)
2024-05-22,1449.92,27.20,1442.14,5.99,1.16,0.13,3.00,1.70,Ret(1.2) Vol(0.1) SMA(3.0) Volatility(1.7)
2024-05-23,1475.13,28.90,1441.86,7.05,2.41,0.00,3.00,1.63,Ret(2.4) Vol(0.0) SMA(3.0) Volatility(1.6)
2024-05-24,1469.37,25.61,1441.41,7.54,1.74,1.00,3.00,1.81,Ret(1.7) Vol(1.0) SMA(3.0) Volatility(1.8)
2024-05-27,1455.48,25.71,1441.16,6.86,2.07,0.00,3.00,1.79,Ret(2.1) Vol(0.0) SMA(3.0) Volatility(1.8)
2024-05-28,1445.50,25.50,1440.95,6.18,1.39,0.00,3.00,1.79,Ret(1.4) Vol(0.0) SMA(3.0) Volatility(1.8)
2024-05-29,1430.19,24.37,1440.27,2.92,1.09,0.00,0.00,1.84,Ret(1.1) Vol(0.0) SMA(0.0) Volatility(1.8)
2024-05-30,1414.38,23.44,1440.12,2.01,0.13,0.00,0.00,1.87,Ret(0.1) Vol(0.0) SMA(0.0) Volatility(1.9)
2024-05-31,1419.89,23.30,1440.10,3.13,0.40,0.84,0.00,1.89,Ret(0.4) Vol(0.8) SMA(0.0) Volatility(1.9)
2024-06-03,1499.23,27.61,1441.93,10.11,2.38,3.00,3.00,1.73,Ret(2.4) Vol(3.0) SMA(3.0) Volatility(1.7)
2024-06-04,1387.01,36.40,1441.09,3.00,0.00,3.00,0.00,0.00,Ret(0.0) Vol(3.0) SMA(0.0) Volatility(0.0)
2024-06-05,1410.31,38.53,1441.00,3.00,0.00,3.00,0.00,0.00,Ret(0.0) Vol(3.0) SMA(0.0) Volatility(0.0)
2024-06-06,1421.08,38.07,1440.76,1.89,0.00,1.89,0.00,0.00,Ret(0.0) Vol(1.9) SMA(0.0) Volatility(0.0)
2024-06-07,1459.15,39.60,1441.14,4.89,0.00,1.89,3.00,0.00,Ret(0.0) Vol(1.9) SMA(3.0) Volatility(0.0)
2024-06-10,1460.59,40.24,1441.46,5.02,0.00,2.02,3.00,0.00,Ret(0.0) Vol(2.0) SMA(3.0) Volatility(0.0)
2024-06-11,1445.97,39.27,1441.76,3.00,0.00,0.00,3.00,0.00,Ret(0.0) Vol(0.0) SMA(3.0) Volatility(0.0)
2024-06-12,1452.57,38.11,1441.17,4.42,0.20,0.12,3.00,1.10,Ret(0.2) Vol(0.1) SMA(3.0) Volatility(1.1)
2024-06-13,1454.48,38.09,1440.77,4.78,0.68,0.00,3.00,1.10,Ret(0.7) Vol(0.0) SMA(3.0) Volatility(1.1)
2024-06-14,1466.69,38.03,1440.62,5.61,1.48,0.00,3.00,1.13,Ret(1.5) Vol(0.0) SMA(3.0) Volatility(1.1)
2024-06-18,1470.14,37.34,1440.50,5.58,1.42,0.00,3.00,1.17,Ret(1.4) Vol(0.0) SMA(3.0) Volatility(1.2)
2024-06-19,1447.93,38.19,1440.25,3.00,0.00,0.00,3.00,0.00,Ret(0.0) Vol(0.0) SMA(3.0) Volatility(0.0)
2024-06-20,1462.87,39.04,1440.46,6.25,2.19,0.00,3.00,1.06,Ret(2.2) Vol(0.0) SMA(3.0) Volatility(1.1)
2024-06-21,1443.52,40.04,1440.34,6.44,0.94,1.51,3.00,0.98,Ret(0.9) Vol(1.5) SMA(3.0) Volatility(1.0)
2024-06-24,1430.88,35.26,1439.46,4.50,0.28,3.00,0.00,1.23,Ret(0.3) Vol(3.0) SMA(0.0) Volatility(1.2)
2024-06-25,1443.47,25.61,1439.27,3.00,0.00,0.00,3.00,0.00,Ret(0.0) Vol(0.0) SMA(3.0) Volatility(0.0)
2024-06-26,1502.90,27.51,1439.96,5.89,1.16,0.00,3.00,1.74,Ret(1.2) Vol(0.0) SMA(3.0) Volatility(1.7)
2024-06-27,1519.30,28.12,1441.21,9.75,2.03,3.00,3.00,1.72,Ret(2.0) Vol(3.0) SMA(3.0) Volatility(1.7)
2024-06-28,1553.90,28.47,1443.21,10.52,2.79,3.00,3.00,1.73,Ret(2.8) Vol(3.0) SMA(3.0) Volatility(1.7)
2024-07-01,1548.69,28.36,1445.09,10.33,2.59,3.00,3.00,1.73,Ret(2.6) Vol(3.0) SMA(3.0) Volatility(1.7)
2024-07-02,1553.68,28.18,1447.09,7.12,2.37,0.00,3.00,1.75,Ret(2.4) Vol(0.0) SMA(3.0) Volatility(1.7)
2024-07-03,1541.02,28.99,1448.72,6.62,1.93,0.00,3.00,1.69,Ret(1.9) Vol(0.0) SMA(3.0) Volatility(1.7)
2024-07-04,1542.61,29.32,1450.19,7.30,2.62,0.00,3.00,1.68,Ret(2.6) Vol(0.0) SMA(3.0) Volatility(1.7)
2024-07-05,1576.95,31.30,1452.76,7.73,3.12,0.00,3.00,1.61,Ret(3.1) Vol(0.0) SMA(3.0) Volatility(1.6)
2024-07-08,1589.14,32.03,1455.75,9.13,4.00,0.54,3.00,1.59,Ret(4.0) Vol(0.5) SMA(3.0) Volatility(1.6)
2024-07-09,1578.59,31.24,1458.34,8.62,4.00,0.00,3.00,1.62,Ret(4.0) Vol(0.0) SMA(3.0) Volatility(1.6)
2024-07-10,1572.59,31.36,1460.95,8.18,3.58,0.00,3.00,1.60,Ret(3.6) Vol(0.0) SMA(3.0) Volatility(1.6)
2024-07-11,1569.04,31.33,1463.25,6.36,1.76,0.00,3.00,1.60,Ret(1.8) Vol(0.0) SMA(3.0) Volatility(1.6)
2024-07-12,1584.99,32.32,1465.83,6.82,1.73,0.52,3.00,1.57,Ret(1.7) Vol(0.5) SMA(3.0) Volatility(1.6)
2024-07-15,1585.49,32.70,1468.42,6.02,0.81,0.66,3.00,1.55,Ret(0.8) Vol(0.7) SMA(3.0) Volatility(1.5)
2024-07-16,1564.67,29.66,1471.24,5.10,0.41,0.00,3.00,1.68,Ret(0.4) Vol(0.0) SMA(3.0) Volatility(1.7)
2024-07-18,1575.02,29.98,1474.56,5.23,0.55,0.00,3.00,1.68,Ret(0.5) Vol(0.0) SMA(3.0) Volatility(1.7)
2024-07-19,1543.72,29.04,1477.61,5.53,0.07,0.77,3.00,1.70,Ret(0.1) Vol(0.8) SMA(3.0) Volatility(1.7)
2024-07-22,1489.65,31.32,1479.24,4.03,0.00,1.03,3.00,0.00,Ret(0.0) Vol(1.0) SMA(3.0) Volatility(0.0)
2024-07-23,1476.97,33.18,1481.11,3.00,0.00,3.00,0.00,0.00,Ret(0.0) Vol(3.0) SMA(0.0) Volatility(0.0)
2024-07-24,1484.71,33.24,1482.86,4.96,0.00,1.96,3.00,0.00,Ret(0.0) Vol(2.0) SMA(3.0) Volatility(0.0)
2024-07-25,1481.44,33.72,1484.64,0.02,0.00,0.02,0.00,0.00,Ret(0.0) Vol(0.0) SMA(0.0) Volatility(0.0)
2024-07-26,1497.94,31.70,1486.40,3.15,0.00,0.15,3.00,0.00,Ret(0.0) Vol(0.1) SMA(3.0) Volatility(0.0)
2024-07-29,1508.93,31.15,1488.47,3.00,0.00,0.00,3.00,0.00,Ret(0.0) Vol(0.0) SMA(3.0) Volatility(0.0)
2024-07-30,1502.03,30.77,1490.21,3.00,0.00,0.00,3.00,0.00,Ret(0.0) Vol(0.0) SMA(3.0) Volatility(0.0)
2024-07-31,1494.36,29.18,1491.59,3.00,0.00,0.00,3.00,0.00,Ret(0.0) Vol(0.0) SMA(3.0) Volatility(0.0)
2024-08-01,1504.17,27.76,1493.17,3.00,0.00,0.00,3.00,0.00,Ret(0.0) Vol(0.0) SMA(3.0) Volatility(0.0)
2024-08-02,1488.31,27.15,1493.93,0.21,0.00,0.21,0.00,0.00,Ret(0.0) Vol(0.2) SMA(0.0) Volatility(0.0)
2024-08-05,1436.69,30.39,1493.16,0.06,0.00,0.06,0.00,0.00,Ret(0.0) Vol(0.1) SMA(0.0) Volatility(0.0)
2024-08-06,1445.35,30.34,1492.68,2.08,0.00,2.08,0.00,0.00,Ret(0.0) Vol(2.1) SMA(0.0) Volatility(0.0)
2024-08-07,1454.06,28.95,1492.66,0.05,0.00,0.05,0.00,0.00,Ret(0.0) Vol(0.0) SMA(0.0) Volatility(0.0)
2024-08-08,1438.48,27.66,1492.52,0.00,0.00,0.00,0.00,0.00,Ret(0.0) Vol(0.0) SMA(0.0) Volatility(0.0)
2024-08-09,1463.47,25.64,1493.18,0.69,0.00,0.69,0.00,0.00,Ret(0.0) Vol(0.7) SMA(0.0) Volatility(0.0)
2024-08-12,1449.89,23.79,1493.89,0.00,0.00,0.00,0.00,0.00,Ret(0.0) Vol(0.0) SMA(0.0) Volatility(0.0)
2024-08-13,1452.87,22.30,1494.55,0.00,0.00,0.00,0.00,0.00,Ret(0.0) Vol(0.0) SMA(0.0) Volatility(0.0)
2024-08-14,1451.11,21.93,1493.59,0.00,0.00,0.00,0.00,0.00,Ret(0.0) Vol(0.0) SMA(0.0) Volatility(0.0)
2024-08-16,1467.34,21.95,1495.19,0.00,0.00,0.00,0.00,0.00,Ret(0.0) Vol(0.0) SMA(0.0) Volatility(0.0)
2024-08-19,1482.48,22.43,1496.64,0.00,0.00,0.00,0.00,0.00,Ret(0.0) Vol(0.0) SMA(0.0) Volatility(0.0)
2024-08-20,1490.00,22.47,1498.02,3.20,0.05,1.16,0.00,1.99,Ret(0.0) Vol(1.2) SMA(0.0) Volatility(2.0)
2024-08-21,1492.71,22.89,1498.69,3.53,1.56,0.00,0.00,1.97,Ret(1.6) Vol(0.0) SMA(0.0) Volatility(2.0)
2024-08-22,1492.17,23.05,1499.32,3.26,1.30,0.00,0.00,1.96,Ret(1.3) Vol(0.0) SMA(0.0) Volatility(2.0)
2024-08-23,1494.01,22.42,1500.28,3.24,1.10,0.15,0.00,2.00,Ret(1.1) Vol(0.1) SMA(0.0) Volatility(2.0)
2024-08-26,1506.58,19.38,1501.36,6.89,1.89,0.00,3.00,2.00,Ret(1.9) Vol(0.0) SMA(3.0) Volatility(2.0)
2024-08-27,1494.48,18.24,1502.16,2.85,0.85,0.00,0.00,2.00,Ret(0.8) Vol(0.0) SMA(0.0) Volatility(2.0)
2024-08-28,1492.34,18.10,1502.67,3.17,1.17,0.00,0.00,2.00,Ret(1.2) Vol(0.0) SMA(0.0) Volatility(2.0)
2024-08-29,1514.87,19.81,1503.57,6.76,1.71,0.05,3.00,2.00,Ret(1.7) Vol(0.0) SMA(3.0) Volatility(2.0)
2024-08-30,1503.62,20.46,1504.68,6.45,1.45,3.00,0.00,2.00,Ret(1.4) Vol(3.0) SMA(0.0) Volatility(2.0)
2024-09-02,1510.22,20.72,1505.63,9.17,1.17,3.00,3.00,2.00,Ret(1.2) Vol(3.0) SMA(3.0) Volatility(2.0)
2024-09-03,1503.12,20.96,1506.82,2.94,0.56,0.39,0.00,2.00,Ret(0.6) Vol(0.4) SMA(0.0) Volatility(2.0)
2024-09-04,1508.53,20.95,1508.37,5.79,0.50,0.29,3.00,2.00,Ret(0.5) Vol(0.3) SMA(3.0) Volatility(2.0)
2024-09-05,1487.04,22.12,1509.24,0.54,0.00,0.54,0.00,0.00,Ret(0.0) Vol(0.5) SMA(0.0) Volatility(0.0)
2024-09-06,1459.00,22.85,1508.37,1.76,0.00,1.76,0.00,0.00,Ret(0.0) Vol(1.8) SMA(0.0) Volatility(0.0)
2024-09-09,1456.63,22.76,1507.11,2.62,0.00,2.62,0.00,0.00,Ret(0.0) Vol(2.6) SMA(0.0) Volatility(0.0)
2024-09-10,1455.71,22.52,1505.15,0.00,0.00,0.00,0.00,0.00,Ret(0.0) Vol(0.0) SMA(0.0) Volatility(0.0)
2024-09-11,1445.73,22.90,1503.09,0.15,0.00,0.15,0.00,0.00,Ret(0.0) Vol(0.2) SMA(0.0) Volatility(0.0)
2024-09-12,1473.91,24.82,1501.49,0.00,0.00,0.00,0.00,0.00,Ret(0.0) Vol(0.0) SMA(0.0) Volatility(0.0)
2024-09-13,1466.77,24.15,1500.01,3.00,0.00,3.00,0.00,0.00,Ret(0.0) Vol(3.0) SMA(0.0) Volatility(0.0)
2024-09-16,1465.50,24.30,1498.47,0.00,0.00,0.00,0.00,0.00,Ret(0.0) Vol(0.0) SMA(0.0) Volatility(0.0)
2024-09-17,1466.44,24.04,1496.26,0.00,0.00,0.00,0.00,0.00,Ret(0.0) Vol(0.0) SMA(0.0) Volatility(0.0)
2024-09-18,1457.63,22.51,1493.63,0.00,0.00,0.00,0.00,0.00,Ret(0.0) Vol(0.0) SMA(0.0) Volatility(0.0)
2024-09-19,1463.83,21.41,1491.33,0.00,0.00,0.00,0.00,0.00,Ret(0.0) Vol(0.0) SMA(0.0) Volatility(0.0)
2024-09-20,1480.01,21.78,1489.48,2.19,0.00,2.19,0.00,0.00,Ret(0.0) Vol(2.2) SMA(0.0) Volatility(0.0)
2024-09-23,1487.43,21.78,1487.85,5.78,0.78,3.00,0.00,2.00,Ret(0.8) Vol(3.0) SMA(0.0) Volatility(2.0)
2024-09-24,1483.45,21.40,1485.82,2.74,0.74,0.00,0.00,2.00,Ret(0.7) Vol(0.0) SMA(0.0) Volatility(2.0)
2024-09-25,1488.01,19.80,1483.87,8.08,0.89,2.19,3.00,2.00,Ret(0.9) Vol(2.2) SMA(3.0) Volatility(2.0)
2024-09-26,1491.99,18.42,1482.41,6.28,1.28,0.00,3.00,2.00,Ret(1.3) Vol(0.0) SMA(3.0) Volatility(2.0)
2024-09-27,1520.10,20.35,1481.32,8.90,1.25,2.65,3.00,2.00,Ret(1.3) Vol(2.6) SMA(3.0) Volatility(2.0)
2024-09-30,1470.70,23.01,1479.86,5.06,0.11,3.00,0.00,1.95,Ret(0.1) Vol(3.0) SMA(0.0) Volatility(1.9)
2024-10-01,1459.00,23.29,1479.24,3.00,0.00,3.00,0.00,0.00,Ret(0.0) Vol(3.0) SMA(0.0) Volatility(0.0)
2024-10-03,1401.38,24.90,1477.73,1.93,0.00,1.93,0.00,0.00,Ret(0.0) Vol(1.9) SMA(0.0) Volatility(0.0)
2024-10-04,1381.01,26.46,1475.66,3.00,0.00,3.00,0.00,0.00,Ret(0.0) Vol(3.0) SMA(0.0) Volatility(0.0)
2024-10-07,1365.27,27.81,1473.33,3.00,0.00,3.00,0.00,0.00,Ret(0.0) Vol(3.0) SMA(0.0) Volatility(0.0)
2024-10-08,1391.79,29.59,1471.21,3.00,0.00,3.00,0.00,0.00,Ret(0.0) Vol(3.0) SMA(0.0) Volatility(0.0)
2024-10-09,1369.13,30.09,1468.41,1.71,0.00,1.71,0.00,0.00,Ret(0.0) Vol(1.7) SMA(0.0) Volatility(0.0)
2024-10-10,1365.60,29.78,1465.69,0.87,0.00,0.87,0.00,0.00,Ret(0.0) Vol(0.9) SMA(0.0) Volatility(0.0)
2024-10-11,1366.64,29.00,1463.13,2.78,0.00,2.78,0.00,0.00,Ret(0.0) Vol(2.8) SMA(0.0) Volatility(0.0)
2024-10-14,1367.07,28.74,1460.39,0.00,0.00,0.00,0.00,0.00,Ret(0.0) Vol(0.0) SMA(0.0) Volatility(0.0)
2024-10-15,1338.68,30.10,1457.40,0.03,0.00,0.03,0.00,0.00,Ret(0.0) Vol(0.0) SMA(0.0) Volatility(0.0)
2024-10-16,1348.69,30.82,1455.64,3.00,0.00,3.00,0.00,0.00,Ret(0.0) Vol(3.0) SMA(0.0) Volatility(0.0)
2024-10-17,1351.03,30.85,1453.75,1.53,0.00,1.53,0.00,0.00,Ret(0.0) Vol(1.5) SMA(0.0) Volatility(0.0)
2024-10-18,1353.89,29.83,1451.75,0.12,0.00,0.12,0.00,0.00,Ret(0.0) Vol(0.1) SMA(0.0) Volatility(0.0)
2024-10-21,1363.75,27.30,1450.25,0.00,0.00,0.00,0.00,0.00,Ret(0.0) Vol(0.0) SMA(0.0) Volatility(0.0)
2024-10-22,1338.01,28.06,1447.74,0.00,0.00,0.00,0.00,0.00,Ret(0.0) Vol(0.0) SMA(0.0) Volatility(0.0)
2024-10-23,1333.20,25.20,1445.41,0.03,0.00,0.03,0.00,0.00,Ret(0.0) Vol(0.0) SMA(0.0) Volatility(0.0)
2024-10-24,1334.47,24.13,1443.04,0.22,0.00,0.22,0.00,0.00,Ret(0.0) Vol(0.2) SMA(0.0) Volatility(0.0)
2024-10-25,1322.57,23.22,1440.47,1.07,0.00,1.07,0.00,0.00,Ret(0.0) Vol(1.1) SMA(0.0) Volatility(0.0)
2024-10-28,1329.04,22.86,1437.70,0.41,0.00,0.41,0.00,0.00,Ret(0.0) Vol(0.4) SMA(0.0) Volatility(0.0)
2024-10-29,1334.67,22.47,1434.75,0.00,0.00,0.00,0.00,0.00,Ret(0.0) Vol(0.0) SMA(0.0) Volatility(0.0)
2024-10-30,1338.55,23.04,1431.72,0.00,0.00,0.00,0.00,0.00,Ret(0.0) Vol(0.0) SMA(0.0) Volatility(0.0)
2024-10-31,1326.75,23.28,1428.40,0.00,0.00,0.00,0.00,0.00,Ret(0.0) Vol(0.0) SMA(0.0) Volatility(0.0)
2024-11-01,1333.32,23.14,1425.22,0.00,0.00,0.00,0.00,0.00,Ret(0.0) Vol(0.0) SMA(0.0) Volatility(0.0)
2024-11-04,1296.97,24.78,1421.28,0.00,0.00,0.00,0.00,0.00,Ret(0.0) Vol(0.0) SMA(0.0) Volatility(0.0)
2024-11-05,1300.11,24.57,1417.15,0.79,0.00,0.79,0.00,0.00,Ret(0.0) Vol(0.8) SMA(0.0) Volatility(0.0)
2024-11-06,1320.08,25.40,1413.66,0.04,0.00,0.04,0.00,0.00,Ret(0.0) Vol(0.0) SMA(0.0) Volatility(0.0)
2024-11-07,1300.46,25.09,1409.83,0.97,0.00,0.97,0.00,0.00,Ret(0.0) Vol(1.0) SMA(0.0) Volatility(0.0)
2024-11-08,1278.64,26.12,1405.10,0.00,0.00,0.00,0.00,0.00,Ret(0.0) Vol(0.0) SMA(0.0) Volatility(0.0)
2024-11-11,1267.64,24.92,1400.38,0.64,0.00,0.64,0.00,0.00,Ret(0.0) Vol(0.6) SMA(0.0) Volatility(0.0)
2024-11-12,1269.18,24.87,1395.56,0.00,0.00,0.00,0.00,0.00,Ret(0.0) Vol(0.0) SMA(0.0) Volatility(0.0)
2024-11-13,1247.07,25.26,1390.44,0.00,0.00,0.00,0.00,0.00,Ret(0.0) Vol(0.0) SMA(0.0) Volatility(0.0)
2024-11-22,1260.37,28.91,1367.77,0.63,0.00,0.63,0.00,0.00,Ret(0.0) Vol(0.6) SMA(0.0) Volatility(0.0)
2024-11-25,1281.88,30.99,1364.50,0.83,0.00,0.83,0.00,0.00,Ret(0.0) Vol(0.8) SMA(0.0) Volatility(0.0)
2024-11-26,1290.55,28.05,1360.83,2.31,0.00,2.31,0.00,0.00,Ret(0.0) Vol(2.3) SMA(0.0) Volatility(0.0)
2024-11-27,1288.06,27.66,1357.25,1.78,0.29,0.00,0.00,1.48,Ret(0.3) Vol(0.0) SMA(0.0) Volatility(1.5)
2024-11-28,1265.74,27.62,1353.26,0.00,0.00,0.00,0.00,0.00,Ret(0.0) Vol(0.0) SMA(0.0) Volatility(0.0)
2024-11-29,1287.06,28.04,1349.67,2.02,0.56,0.00,0.00,1.46,Ret(0.6) Vol(0.0) SMA(0.0) Volatility(1.5)
2024-12-02,1303.94,28.30,1346.60,3.29,1.82,0.00,0.00,1.46,Ret(1.8) Vol(0.0) SMA(0.0) Volatility(1.5)
2024-12-03,1318.04,28.36,1343.68,3.24,1.76,0.00,0.00,1.48,Ret(1.8) Vol(0.0) SMA(0.0) Volatility(1.5)
2024-12-04,1303.74,28.54,1340.16,3.47,1.53,0.50,0.00,1.45,Ret(1.5) Vol(0.5) SMA(0.0) Volatility(1.4)
2024-12-05,1316.79,28.39,1336.74,5.13,2.59,1.06,0.00,1.48,Ret(2.6) Vol(1.1) SMA(0.0) Volatility(1.5)
2024-12-06,1306.33,27.85,1333.20,4.89,2.90,0.49,0.00,1.49,Ret(2.9) Vol(0.5) SMA(0.0) Volatility(1.5)
2024-12-09,1290.00,27.34,1329.24,2.44,0.94,0.00,0.00,1.50,Ret(0.9) Vol(0.0) SMA(0.0) Volatility(1.5)
2024-12-10,1279.74,25.11,1325.00,0.05,0.00,0.05,0.00,0.00,Ret(0.0) Vol(0.1) SMA(0.0) Volatility(0.0)
2024-12-11,1273.12,24.20,1320.06,0.29,0.00,0.29,0.00,0.00,Ret(0.0) Vol(0.3) SMA(0.0) Volatility(0.0)
2024-12-12,1257.88,22.15,1315.80,0.00,0.00,0.00,0.00,0.00,Ret(0.0) Vol(0.0) SMA(0.0) Volatility(0.0)
2024-12-13,1267.79,21.91,1311.98,3.17,0.06,1.28,0.00,1.82,Ret(0.1) Vol(1.3) SMA(0.0) Volatility(1.8)
2024-12-16,1263.25,21.96,1309.21,2.87,0.00,2.87,0.00,0.00,Ret(0.0) Vol(2.9) SMA(0.0) Volatility(0.0)
2024-12-17,1240.35,22.51,1306.40,0.00,0.00,0.00,0.00,0.00,Ret(0.0) Vol(0.0) SMA(0.0) Volatility(0.0)
2024-12-18,1248.26,21.92,1304.06,0.58,0.00,0.58,0.00,0.00,Ret(0.0) Vol(0.6) SMA(0.0) Volatility(0.0)
2024-12-19,1225.56,21.60,1300.74,0.00,0.00,0.00,0.00,0.00,Ret(0.0) Vol(0.0) SMA(0.0) Volatility(0.0)
2025-01-02,1236.86,20.17,1274.92,0.00,0.00,0.00,0.00,0.00,Ret(0.0) Vol(0.0) SMA(0.0) Volatility(0.0)
2025-01-03,1246.17,19.53,1273.08,0.34,0.00,0.34,0.00,0.00,Ret(0.0) Vol(0.3) SMA(0.0) Volatility(0.0)
2025-04-21,1290.35,33.27,1232.33,6.37,1.37,0.86,3.00,1.14,Ret(1.4) Vol(0.9) SMA(3.0) Volatility(1.1)
2025-04-22,1286.06,33.55,1233.23,5.39,1.28,0.00,3.00,1.11,Ret(1.3) Vol(0.0) SMA(3.0) Volatility(1.1)
2025-04-23,1294.83,33.11,1233.52,6.05,1.64,0.26,3.00,1.15,Ret(1.6) Vol(0.3) SMA(3.0) Volatility(1.2)
2025-04-24,1296.42,32.09,1233.99,7.44,3.22,0.00,3.00,1.22,Ret(3.2) Vol(0.0) SMA(3.0) Volatility(1.2)
2025-04-28,1363.35,37.85,1236.40,8.56,4.00,0.58,3.00,0.98,Ret(4.0) Vol(0.6) SMA(3.0) Volatility(1.0)
2025-04-29,1394.13,36.89,1239.31,11.08,4.00,3.00,3.00,1.08,Ret(4.0) Vol(3.0) SMA(3.0) Volatility(1.1)
2025-04-30,1399.41,33.58,1242.70,11.28,4.00,3.00,3.00,1.28,Ret(4.0) Vol(3.0) SMA(3.0) Volatility(1.3)
2025-05-02,1414.15,32.76,1246.75,10.99,4.00,2.64,3.00,1.35,Ret(4.0) Vol(2.6) SMA(3.0) Volatility(1.3)
2025-05-05,1425.61,32.61,1251.03,8.37,4.00,0.00,3.00,1.37,Ret(4.0) Vol(0.0) SMA(3.0) Volatility(1.4)
2025-05-06,1415.25,31.48,1255.09,8.42,4.00,0.00,3.00,1.42,Ret(4.0) Vol(0.0) SMA(3.0) Volatility(1.4)
2025-05-07,1400.41,30.74,1258.70,8.05,3.41,0.20,3.00,1.44,Ret(3.4) Vol(0.2) SMA(3.0) Volatility(1.4)
2025-05-08,1401.40,31.52,1262.32,8.00,3.59,0.01,3.00,1.40,Ret(3.6) Vol(0.0) SMA(3.0) Volatility(1.4)
2025-05-12,1430.79,32.07,1269.35,8.43,4.00,0.03,3.00,1.41,Ret(4.0) Vol(0.0) SMA(3.0) Volatility(1.4)
2025-05-13,1410.07,33.33,1273.09,7.86,3.55,0.00,3.00,1.31,Ret(3.5) Vol(0.0) SMA(3.0) Volatility(1.3)
2025-05-14,1418.73,32.89,1277.27,5.97,1.62,0.00,3.00,1.35,Ret(1.6) Vol(0.0) SMA(3.0) Volatility(1.3)
2025-05-15,1448.42,35.34,1282.25,5.81,1.56,0.00,3.00,1.25,Ret(1.6) Vol(0.0) SMA(3.0) Volatility(1.2)
2025-05-16,1450.61,33.68,1287.22,7.27,1.46,1.47,3.00,1.34,Ret(1.5) Vol(1.5) SMA(3.0) Volatility(1.3)
2025-05-19,1435.07,29.70,1292.01,5.14,0.59,0.00,3.00,1.54,Ret(0.6) Vol(0.0) SMA(3.0) Volatility(1.5)
2025-05-20,1418.93,28.35,1297.06,3.00,0.00,0.00,3.00,0.00,Ret(0.0) Vol(0.0) SMA(3.0) Volatility(0.0)
2025-05-21,1423.51,26.55,1302.39,4.94,0.23,0.00,3.00,1.71,Ret(0.2) Vol(0.0) SMA(3.0) Volatility(1.7)
2025-05-22,1403.79,27.31,1307.04,4.74,0.10,0.00,3.00,1.64,Ret(0.1) Vol(0.0) SMA(3.0) Volatility(1.6)
2025-05-23,1421.12,27.84,1311.37,5.20,0.56,0.00,3.00,1.63,Ret(0.6) Vol(0.0) SMA(3.0) Volatility(1.6)
2025-05-26,1429.09,27.45,1315.05,6.34,1.67,0.00,3.00,1.66,Ret(1.7) Vol(0.0) SMA(3.0) Volatility(1.7)
2025-05-27,1416.44,27.55,1318.71,3.00,0.00,0.00,3.00,0.00,Ret(0.0) Vol(0.0) SMA(3.0) Volatility(0.0)
2025-05-28,1407.28,26.77,1322.01,3.06,0.00,0.06,3.00,0.00,Ret(0.0) Vol(0.1) SMA(3.0) Volatility(0.0)
2025-05-29,1412.16,25.27,1325.22,3.00,0.00,0.00,3.00,0.00,Ret(0.0) Vol(0.0) SMA(3.0) Volatility(0.0)
2025-05-30,1415.25,22.36,1328.66,3.34,0.00,0.34,3.00,0.00,Ret(0.0) Vol(0.3) SMA(3.0) Volatility(0.0)
2025-06-02,1408.08,21.65,1332.14,3.34,0.00,0.34,3.00,0.00,Ret(0.0) Vol(0.3) SMA(3.0) Volatility(0.0)
2025-06-03,1399.91,22.27,1335.46,3.00,0.00,0.00,3.00,0.00,Ret(0.0) Vol(0.0) SMA(3.0) Volatility(0.0)
2025-06-04,1417.84,20.24,1338.98,3.00,0.00,0.00,3.00,0.00,Ret(0.0) Vol(0.0) SMA(3.0) Volatility(0.0)
2025-06-05,1436.66,21.49,1342.43,5.37,0.37,0.00,3.00,2.00,Ret(0.4) Vol(0.0) SMA(3.0) Volatility(2.0)
2025-06-06,1437.76,21.22,1345.76,6.29,0.97,0.32,3.00,2.00,Ret(1.0) Vol(0.3) SMA(3.0) Volatility(2.0)
2025-06-09,1443.04,20.57,1348.68,5.62,0.62,0.00,3.00,2.00,Ret(0.6) Vol(0.0) SMA(3.0) Volatility(2.0)
2025-06-10,1432.78,20.55,1351.73,5.10,0.10,0.00,3.00,2.00,Ret(0.1) Vol(0.0) SMA(3.0) Volatility(2.0)
2025-06-11,1443.14,20.40,1355.23,5.75,0.75,0.00,3.00,2.00,Ret(0.8) Vol(0.0) SMA(3.0) Volatility(2.0)
2025-06-12,1435.87,20.07,1358.49,5.81,0.81,0.00,3.00,2.00,Ret(0.8) Vol(0.0) SMA(3.0) Volatility(2.0)
2025-06-13,1422.22,20.88,1361.53,5.28,0.28,0.00,3.00,2.00,Ret(0.3) Vol(0.0) SMA(3.0) Volatility(2.0)
2025-06-16,1432.08,20.52,1365.22,5.48,0.48,0.00,3.00,2.00,Ret(0.5) Vol(0.0) SMA(3.0) Volatility(2.0)
2025-06-17,1425.51,21.25,1368.81,5.50,0.50,0.00,3.00,2.00,Ret(0.5) Vol(0.0) SMA(3.0) Volatility(2.0)
2025-06-18,1424.41,21.66,1372.42,5.68,0.70,0.00,3.00,1.98,Ret(0.7) Vol(0.0) SMA(3.0) Volatility(2.0)
2025-06-19,1427.60,21.18,1376.97,5.28,0.28,0.00,3.00,2.00,Ret(0.3) Vol(0.0) SMA(3.0) Volatility(2.0)
2025-06-20,1460.37,22.43,1382.96,5.63,0.66,0.00,3.00,1.97,Ret(0.7) Vol(0.0) SMA(3.0) Volatility(2.0)
2025-06-23,1451.00,22.51,1388.43,8.33,0.37,3.00,3.00,1.96,Ret(0.4) Vol(3.0) SMA(3.0) Volatility(2.0)
2025-06-24,1445.03,23.34,1393.72,4.96,0.06,0.00,3.00,1.91,Ret(0.1) Vol(0.0) SMA(3.0) Volatility(1.9)
2025-06-25,1461.46,22.66,1398.67,7.44,0.80,1.68,3.00,1.96,Ret(0.8) Vol(1.7) SMA(3.0) Volatility(2.0)
2025-06-26,1489.35,24.03,1403.75,6.19,1.28,0.00,3.00,1.91,Ret(1.3) Vol(0.0) SMA(3.0) Volatility(1.9)
2025-06-27,1509.37,24.93,1409.25,8.24,2.05,1.32,3.00,1.88,Ret(2.0) Vol(1.3) SMA(3.0) Volatility(1.9)
2025-06-30,1494.63,25.70,1413.75,7.13,2.04,0.27,3.00,1.82,Ret(2.0) Vol(0.3) SMA(3.0) Volatility(1.8)
2025-07-01,1522.32,25.79,1418.39,7.37,2.52,0.00,3.00,1.84,Ret(2.5) Vol(0.0) SMA(3.0) Volatility(1.8)
2025-07-02,1512.76,25.70,1422.93,7.44,2.45,0.15,3.00,1.84,Ret(2.4) Vol(0.1) SMA(3.0) Volatility(1.8)
2025-07-03,1511.76,25.10,1427.27,7.32,2.45,0.00,3.00,1.87,Ret(2.5) Vol(0.0) SMA(3.0) Volatility(1.9)
2025-07-04,1521.22,24.73,1431.76,8.13,2.62,0.60,3.00,1.90,Ret(2.6) Vol(0.6) SMA(3.0) Volatility(1.9)
2025-07-07,1535.37,24.56,1436.56,6.97,2.05,0.00,3.00,1.92,Ret(2.1) Vol(0.0) SMA(3.0) Volatility(1.9)
2025-07-08,1531.48,24.39,1439.93,7.14,2.22,0.00,3.00,1.93,Ret(2.2) Vol(0.0) SMA(3.0) Volatility(1.9)
2025-07-09,1512.96,26.29,1442.30,6.69,1.88,0.00,3.00,1.81,Ret(1.9) Vol(0.0) SMA(3.0) Volatility(1.8)
2025-07-10,1511.16,24.46,1444.54,6.34,1.36,0.08,3.00,1.91,Ret(1.4) Vol(0.1) SMA(3.0) Volatility(1.9)
2025-07-11,1489.25,24.65,1446.04,3.49,0.00,0.49,3.00,0.00,Ret(0.0) Vol(0.5) SMA(3.0) Volatility(0.0)
2025-07-14,1477.80,23.87,1447.08,3.00,0.00,0.00,3.00,0.00,Ret(0.0) Vol(0.0) SMA(3.0) Volatility(0.0)
2025-07-15,1479.49,23.34,1448.37,3.58,0.00,0.58,3.00,0.00,Ret(0.0) Vol(0.6) SMA(3.0) Volatility(0.0)
2025-07-16,1479.69,22.33,1449.96,3.00,0.00,0.00,3.00,0.00,Ret(0.0) Vol(0.0) SMA(3.0) Volatility(0.0)
2025-07-17,1470.53,21.54,1451.34,3.61,0.00,0.61,3.00,0.00,Ret(0.0) Vol(0.6) SMA(3.0) Volatility(0.0)
